ID,Type,SKU,Name,Published,"Is featured?","Visibility in catalog","Short description",Description,"Date sale price starts","Date sale price ends","Tax status","Tax class","In stock?",Stock,"Low stock amount","Backorders allowed?","Sold individually?","Weight (kg)","Length (cm)","Width (cm)","Height (cm)","Allow customer reviews?","Purchase note","Sale price","Regular price",Categories,Tags,"Shipping class",Images,"Download limit","Download expiry days",Parent,"Grouped products",Upsells,Cross-sells,"External URL","Button text",Position,"Swatches Attributes","Attribute 1 name","Attribute 1 value(s)","Attribute 1 visible","Attribute 1 global","Attribute 1 default","Attribute 2 name","Attribute 2 value(s)","Attribute 2 visible","Attribute 2 global","Attribute 2 default","Meta: inline_featured_image","Meta: rs_page_bg_color","Download 1 ID","Download 1 name","Download 1 URL"
218,variable,,"Waist straight Slouchy jeans",1,0,visible,"This product type lets you add variations to the same product to create a complex, variable product. Each variation of the product has its own price, SKU, available stock, etc. eg: A shirt or t-shirt with different sizes and different colors.\n\nWhile creating the product, you can select the ‘Variable product’ option from the drop-down. To be able to create different variations, you will have to set up attributes and define values to each of them. You can use different attributes and values to create variations. After that, you can manually create available variations or create all possible variations in one go. You can update individual details for each variation, after all required variations are created.","[elementor-template id=""253""]",,,taxable,,1,,,0,0,,,,,1,,,,Women,"clean, creative, fashion, main01, theme woocommerce, women",,"https://irina.novaworks.net/wp-content/uploads/2021/06/main_01_p-01.jpg, https://irina.novaworks.net/wp-content/uploads/2021/06/main_01_p-01-2.jpg, https://irina.novaworks.net/wp-content/uploads/2021/06/main_01_p-01-3.jpg, https://irina.novaworks.net/wp-content/uploads/2021/06/main_01_p-01-4.jpg, https://irina.novaworks.net/wp-content/uploads/2021/06/main_01_p-01-5.jpg, https://irina.novaworks.net/wp-content/uploads/2021/06/main_01_p-01-6.jpg",,,,,,,,,16,"{""color"":{""name"":""color"",""type"":""color"",""terms"":{""Blue"":{""name"":""Blue"",""color"":""#1e73be"",""image"":"""",""show_tooltip"":"""",""tooltip_text"":"""",""tooltip_image"":"""",""image_size"":""""},""Gray"":{""name"":""Gray"",""color"":""#c4c4c4"",""image"":"""",""show_tooltip"":"""",""tooltip_text"":"""",""tooltip_image"":"""",""image_size"":""""},""Green"":{""name"":""Green"",""color"":""#81d742"",""image"":"""",""show_tooltip"":"""",""tooltip_text"":"""",""tooltip_image"":"""",""image_size"":""""},""Red"":{""name"":""Red"",""color"":""#dd3333"",""image"":"""",""show_tooltip"":"""",""tooltip_text"":"""",""tooltip_image"":"""",""image_size"":""""},""Yellow"":{""name"":""Yellow"",""color"":""#eeee22"",""image"":"""",""show_tooltip"":"""",""tooltip_text"":"""",""tooltip_image"":"""",""image_size"":""""}}}}",color,"Blue, Gray, Green, Red, Yellow",1,1,Blue,Size,"L, M, S",1,1,L,0,,,,
260,simple,,"Paperbag denim shorts",1,0,visible,"A simple product is the most common and easily-understandable product type in WooCommerce. A simple product is a unique, stand-alone, physical product that you may have to ship to the customer. To start with, you can create a simple product, assign a price &amp; SKU for the product, and start selling them. eg: Books.\n\nSimple product in WooCommerce is one of the easiest to configure. You can add price, SKU and stock details, and publish a simple product. While creating a new product, you can select ‘Simple product’ from the drop-down.\n\nTo understand the process of setting up a WooCommerce Simple Product in detail, refer to our article <a href=""https://docs.woocommerce.com/document/managing-products/#section-5"" data-wpel-link=""internal"">How to Add a WooCommerce Simple Product</a>.","[elementor-template id=""253""]",,,taxable,,1,,,0,0,,,,,1,,59.99,99.99,Women,"clean, creative, fashion, main01, theme woocommerce, women",,"https://irina.novaworks.net/wp-content/uploads/2021/06/main_01_p-02.jpg, https://irina.novaworks.net/wp-content/uploads/2021/06/main_01_p-02-2.jpg, https://irina.novaworks.net/wp-content/uploads/2021/06/main_01_p-02-3.jpg, https://irina.novaworks.net/wp-content/uploads/2021/06/main_01_p-02-4.jpg, https://irina.novaworks.net/wp-content/uploads/2021/06/main_01_p-02-5.jpg, https://irina.novaworks.net/wp-content/uploads/2021/06/main_01_p-02-6.jpg",,,,,,,,,17,"{""color"":{""name"":""color"",""type"":""color"",""terms"":{""Blue"":{""name"":""Blue"",""color"":""#1e73be"",""image"":"""",""show_tooltip"":"""",""tooltip_text"":"""",""tooltip_image"":"""",""image_size"":""""},""Gray"":{""name"":""Gray"",""color"":""#c4c4c4"",""image"":"""",""show_tooltip"":"""",""tooltip_text"":"""",""tooltip_image"":"""",""image_size"":""""},""Green"":{""name"":""Green"",""color"":""#81d742"",""image"":"""",""show_tooltip"":"""",""tooltip_text"":"""",""tooltip_image"":"""",""image_size"":""""},""Red"":{""name"":""Red"",""color"":""#dd3333"",""image"":"""",""show_tooltip"":"""",""tooltip_text"":"""",""tooltip_image"":"""",""image_size"":""""},""Yellow"":{""name"":""Yellow"",""color"":""#eeee22"",""image"":"""",""show_tooltip"":"""",""tooltip_text"":"""",""tooltip_image"":"""",""image_size"":""""}}}}",color,"Blue, Gray, Green, Red, Yellow",1,1,,Size,"L, M, S",1,1,,0,,,,
276,simple,,"Slouchy pleated shorts",1,0,visible,"A simple product is the most common and easily-understandable product type in WooCommerce. A simple product is a unique, stand-alone, physical product that you may have to ship to the customer. To start with, you can create a simple product, assign a price &amp; SKU for the product, and start selling them. eg: Books.\n\nSimple product in WooCommerce is one of the easiest to configure. You can add price, SKU and stock details, and publish a simple product. While creating a new product, you can select ‘Simple product’ from the drop-down.\n\nTo understand the process of setting up a WooCommerce Simple Product in detail, refer to our article <a href=""https://docs.woocommerce.com/document/managing-products/#section-5"" data-wpel-link=""internal"">How to Add a WooCommerce Simple Product</a>.","[elementor-template id=""253""]",,,taxable,,1,,,0,0,,,,,1,,59.99,99.99,Women,"clean, creative, fashion, main01, theme woocommerce, women",,"https://irina.novaworks.net/wp-content/uploads/2021/06/main_01_p-03.jpg, https://irina.novaworks.net/wp-content/uploads/2021/06/main_01_p-03-2.jpg, https://irina.novaworks.net/wp-content/uploads/2021/06/main_01_p-03-3.jpg, https://irina.novaworks.net/wp-content/uploads/2021/06/main_01_p-03-4.jpg, https://irina.novaworks.net/wp-content/uploads/2021/06/main_01_p-03-5.jpg, https://irina.novaworks.net/wp-content/uploads/2021/06/main_01_p-03-6.jpg",,,,,,,,,18,"{""color"":{""name"":""color"",""type"":""color"",""terms"":{""Blue"":{""name"":""Blue"",""color"":""#1e73be"",""image"":"""",""show_tooltip"":"""",""tooltip_text"":"""",""tooltip_image"":"""",""image_size"":""""},""Gray"":{""name"":""Gray"",""color"":""#c4c4c4"",""image"":"""",""show_tooltip"":"""",""tooltip_text"":"""",""tooltip_image"":"""",""image_size"":""""},""Green"":{""name"":""Green"",""color"":""#81d742"",""image"":"""",""show_tooltip"":"""",""tooltip_text"":"""",""tooltip_image"":"""",""image_size"":""""},""Red"":{""name"":""Red"",""color"":""#dd3333"",""image"":"""",""show_tooltip"":"""",""tooltip_text"":"""",""tooltip_image"":"""",""image_size"":""""},""Yellow"":{""name"":""Yellow"",""color"":""#eeee22"",""image"":"""",""show_tooltip"":"""",""tooltip_text"":"""",""tooltip_image"":"""",""image_size"":""""}}}}",color,"Blue, Gray, Green, Red, Yellow",1,1,,Size,"L, M, S",1,1,,0,,,,
500,simple,,"Cord textured dress",1,0,visible,"A grouped product is a cluster of simple products clubbed together to form a single entity. The grouped product won’t have a price or other features. The identity of the grouped product is created by a number of child products that have unique features of their own. As soon as you create a grouped product, you can add at least one child product to the grouped product. Your customers can purchase any of the child products from the grouped product individually as well. eg: A set of six glasses.\n\nYou can select the option ‘Grouped product’ from the drop-down menu and specify the products you are linking together. There is no need to set a price for the Grouped product as it will be dependent on the child products.","[elementor-template id=""253""]",,,taxable,,1,,,0,0,,,,,1,,69.99,99.99,Women,"clean, creative, fashion, theme woocommerce, women",,"https://irina.novaworks.net/wp-content/uploads/2021/06/1.jpg, https://irina.novaworks.net/wp-content/uploads/2021/06/1-1.jpg, https://irina.novaworks.net/wp-content/uploads/2021/06/2-1.jpg, https://irina.novaworks.net/wp-content/uploads/2021/06/2.jpg, https://irina.novaworks.net/wp-content/uploads/2021/06/3-1.jpg, https://irina.novaworks.net/wp-content/uploads/2021/06/3.jpg",,,,,,,,,1,,,,,,,,,,,,0,,,,
561,variable,,"Halter long jumpsuit",1,0,visible,"This product type lets you add variations to the same product to create a complex, variable product. Each variation of the product has its own price, SKU, available stock, etc. eg: A shirt or t-shirt with different sizes and different colors.\n\nWhile creating the product, you can select the ‘Variable product’ option from the drop-down. To be able to create different variations, you will have to set up attributes and define values to each of them. You can use different attributes and values to create variations. After that, you can manually create available variations or create all possible variations in one go. You can update individual details for each variation, after all required variations are created.","[elementor-template id=""253""]",,,taxable,,1,,,0,0,,,,,1,,,,Women,"clean, creative, fashion, theme woocommerce, women",,"https://irina.novaworks.net/wp-content/uploads/2021/06/2.jpg, https://irina.novaworks.net/wp-content/uploads/2021/06/2-1.jpg, https://irina.novaworks.net/wp-content/uploads/2021/06/3-1.jpg, https://irina.novaworks.net/wp-content/uploads/2021/06/3.jpg, https://irina.novaworks.net/wp-content/uploads/2021/06/4-1.jpg, https://irina.novaworks.net/wp-content/uploads/2021/06/4.jpg",,,,,,,,,2,"{""color"":{""name"":""color"",""type"":""color"",""terms"":{""Blue"":{""name"":""Blue"",""color"":""#1e73be"",""image"":"""",""show_tooltip"":"""",""tooltip_text"":"""",""tooltip_image"":"""",""image_size"":""""},""Gray"":{""name"":""Gray"",""color"":""#c4c4c4"",""image"":"""",""show_tooltip"":"""",""tooltip_text"":"""",""tooltip_image"":"""",""image_size"":""""},""Green"":{""name"":""Green"",""color"":""#81d742"",""image"":"""",""show_tooltip"":"""",""tooltip_text"":"""",""tooltip_image"":"""",""image_size"":""""},""Red"":{""name"":""Red"",""color"":""#dd3333"",""image"":"""",""show_tooltip"":"""",""tooltip_text"":"""",""tooltip_image"":"""",""image_size"":""""},""Yellow"":{""name"":""Yellow"",""color"":""#eeee22"",""image"":"""",""show_tooltip"":"""",""tooltip_text"":"""",""tooltip_image"":"""",""image_size"":""""}}}}",color,"Blue, Gray, Green, Red, Yellow",1,1,Blue,Size,"L, M, S",1,1,L,0,,,,
577,external,,"Asymmetric neckline blouse",1,0,visible,"Similar to virtual products, downloadable products also don’t require shipping. They are available as a downloadable file with a specified path or URL. In most cases, there will be a limit on the number of downloads of such products. In a seemingly ironic way, WooCommerce allows setting shipping options for downloadable products. This is in fact to include the scenario where you want to send a packaged version (like a CD) of the product to the customer. If your product is only downloadable and has no physical version, you can mark it as a virtual product.\n\nSimilar to virtual products, you can tick the specific checkbox while creating downloadable products. An additional step while creating downloadable products will be to specify the file path and other details like user access restrictions.","[elementor-template id=""253""]",,,taxable,,1,,,0,0,,,,,1,,,132,Women,"clean, creative, fashion, theme woocommerce, women",,"https://irina.novaworks.net/wp-content/uploads/2021/06/3.jpg, https://irina.novaworks.net/wp-content/uploads/2021/06/3-1.jpg, https://irina.novaworks.net/wp-content/uploads/2021/06/4-1.jpg, https://irina.novaworks.net/wp-content/uploads/2021/06/4.jpg, https://irina.novaworks.net/wp-content/uploads/2021/06/5-1.jpg, https://irina.novaworks.net/wp-content/uploads/2021/06/5.jpg",,,,,,,https://juliette.novaworks.net/product/ruffled-sleeve-dress/,,3,"{""color"":{""name"":""color"",""type"":""color"",""terms"":{""Blue"":{""name"":""Blue"",""color"":""#1e73be"",""image"":"""",""show_tooltip"":"""",""tooltip_text"":"""",""tooltip_image"":"""",""image_size"":""""},""Gray"":{""name"":""Gray"",""color"":""#c4c4c4"",""image"":"""",""show_tooltip"":"""",""tooltip_text"":"""",""tooltip_image"":"""",""image_size"":""""},""Green"":{""name"":""Green"",""color"":""#81d742"",""image"":"""",""show_tooltip"":"""",""tooltip_text"":"""",""tooltip_image"":"""",""image_size"":""""},""Red"":{""name"":""Red"",""color"":""#dd3333"",""image"":"""",""show_tooltip"":"""",""tooltip_text"":"""",""tooltip_image"":"""",""image_size"":""""},""Yellow"":{""name"":""Yellow"",""color"":""#eeee22"",""image"":"""",""show_tooltip"":"""",""tooltip_text"":"""",""tooltip_image"":"""",""image_size"":""""}}}}",color,"Blue, Gray, Green, Red, Yellow",1,1,,Size,"L, M, S",1,1,,0,,,,
593,simple,,"Crepe fitted suit jacket",1,0,visible,"A simple product is the most common and easily-understandable product type in WooCommerce. A simple product is a unique, stand-alone, physical product that you may have to ship to the customer. To start with, you can create a simple product, assign a price &amp; SKU for the product, and start selling them. eg: Books.\n\nSimple product in WooCommerce is one of the easiest to configure. You can add price, SKU and stock details, and publish a simple product. While creating a new product, you can select ‘Simple product’ from the drop-down.\n\nTo understand the process of setting up a WooCommerce Simple Product in detail, refer to our article <a href=""https://docs.woocommerce.com/document/managing-products/#section-5"" data-wpel-link=""internal"">How to Add a WooCommerce Simple Product</a>.","[elementor-template id=""253""]",,,taxable,,1,,,0,0,,,,,1,,149.99,200,Women,"clean, creative, fashion, theme woocommerce, women",,"https://irina.novaworks.net/wp-content/uploads/2021/06/4.jpg, https://irina.novaworks.net/wp-content/uploads/2021/06/4-1.jpg, https://irina.novaworks.net/wp-content/uploads/2021/06/5-1.jpg, https://irina.novaworks.net/wp-content/uploads/2021/06/5.jpg, https://irina.novaworks.net/wp-content/uploads/2021/06/6-1.jpg, https://irina.novaworks.net/wp-content/uploads/2021/06/6.jpg",,,,,,,,,4,"{""color"":{""name"":""color"",""type"":""color"",""terms"":{""Blue"":{""name"":""Blue"",""color"":""#1e73be"",""image"":"""",""show_tooltip"":"""",""tooltip_text"":"""",""tooltip_image"":"""",""image_size"":""""},""Gray"":{""name"":""Gray"",""color"":""#c4c4c4"",""image"":"""",""show_tooltip"":"""",""tooltip_text"":"""",""tooltip_image"":"""",""image_size"":""""},""Green"":{""name"":""Green"",""color"":""#81d742"",""image"":"""",""show_tooltip"":"""",""tooltip_text"":"""",""tooltip_image"":"""",""image_size"":""""},""Red"":{""name"":""Red"",""color"":""#dd3333"",""image"":"""",""show_tooltip"":"""",""tooltip_text"":"""",""tooltip_image"":"""",""image_size"":""""},""Yellow"":{""name"":""Yellow"",""color"":""#eeee22"",""image"":"""",""show_tooltip"":"""",""tooltip_text"":"""",""tooltip_image"":"""",""image_size"":""""}}}}",color,"Blue, Gray, Green, Red, Yellow",1,1,,Size,"L, M, S",1,1,,0,,,,
594,variable,,"Flowy palazzo trousers",1,0,visible,"This product type lets you add variations to the same product to create a complex, variable product. Each variation of the product has its own price, SKU, available stock, etc. eg: A shirt or t-shirt with different sizes and different colors.\n\nWhile creating the product, you can select the ‘Variable product’ option from the drop-down. To be able to create different variations, you will have to set up attributes and define values to each of them. You can use different attributes and values to create variations. After that, you can manually create available variations or create all possible variations in one go. You can update individual details for each variation, after all required variations are created.","[elementor-template id=""253""]",,,taxable,,1,,,0,0,,,,,1,,,,Women,"clean, creative, fashion, theme woocommerce, women",,"https://irina.novaworks.net/wp-content/uploads/2021/06/5.jpg, https://irina.novaworks.net/wp-content/uploads/2021/06/5-1.jpg, https://irina.novaworks.net/wp-content/uploads/2021/06/6-1.jpg, https://irina.novaworks.net/wp-content/uploads/2021/06/6.jpg, https://irina.novaworks.net/wp-content/uploads/2021/06/7-1.jpg, https://irina.novaworks.net/wp-content/uploads/2021/06/7.jpg",,,,,,,,,5,"{""color"":{""name"":""color"",""type"":""color"",""terms"":{""Blue"":{""name"":""Blue"",""color"":""#1e73be"",""image"":"""",""show_tooltip"":"""",""tooltip_text"":"""",""tooltip_image"":"""",""image_size"":""""},""Gray"":{""name"":""Gray"",""color"":""#c4c4c4"",""image"":"""",""show_tooltip"":"""",""tooltip_text"":"""",""tooltip_image"":"""",""image_size"":""""},""Green"":{""name"":""Green"",""color"":""#81d742"",""image"":"""",""show_tooltip"":"""",""tooltip_text"":"""",""tooltip_image"":"""",""image_size"":""""},""Red"":{""name"":""Red"",""color"":""#dd3333"",""image"":"""",""show_tooltip"":"""",""tooltip_text"":"""",""tooltip_image"":"""",""image_size"":""""},""Yellow"":{""name"":""Yellow"",""color"":""#eeee22"",""image"":"""",""show_tooltip"":"""",""tooltip_text"":"""",""tooltip_image"":"""",""image_size"":""""}}}}",color,"Blue, Gray, Green, Red, Yellow",1,1,Blue,Size,"L, M, S",1,1,L,0,,,,
617,simple,,"Ruffled flowy top",1,0,visible,"A simple product is the most common and easily-understandable product type in WooCommerce. A simple product is a unique, stand-alone, physical product that you may have to ship to the customer. To start with, you can create a simple product, assign a price &amp; SKU for the product, and start selling them. eg: Books.\n\nSimple product in WooCommerce is one of the easiest to configure. You can add price, SKU and stock details, and publish a simple product. While creating a new product, you can select ‘Simple product’ from the drop-down.\n\nTo understand the process of setting up a WooCommerce Simple Product in detail, refer to our article <a href=""https://docs.woocommerce.com/document/managing-products/#section-5"" data-wpel-link=""internal"">How to Add a WooCommerce Simple Product</a>.","[elementor-template id=""253""]",,,taxable,,1,,,0,0,,,,,1,,,19.99,Women,"clean, creative, fashion, theme woocommerce, women",,"https://irina.novaworks.net/wp-content/uploads/2021/06/6.jpg, https://irina.novaworks.net/wp-content/uploads/2021/06/6-1.jpg, https://irina.novaworks.net/wp-content/uploads/2021/06/7-1.jpg, https://irina.novaworks.net/wp-content/uploads/2021/06/7.jpg, https://irina.novaworks.net/wp-content/uploads/2021/06/8-1.jpg, https://irina.novaworks.net/wp-content/uploads/2021/06/8.jpg",,,,,,,,,7,"{""color"":{""name"":""color"",""type"":""color"",""terms"":{""Blue"":{""name"":""Blue"",""color"":""#1e73be"",""image"":"""",""show_tooltip"":"""",""tooltip_text"":"""",""tooltip_image"":"""",""image_size"":""""},""Gray"":{""name"":""Gray"",""color"":""#c4c4c4"",""image"":"""",""show_tooltip"":"""",""tooltip_text"":"""",""tooltip_image"":"""",""image_size"":""""},""Green"":{""name"":""Green"",""color"":""#81d742"",""image"":"""",""show_tooltip"":"""",""tooltip_text"":"""",""tooltip_image"":"""",""image_size"":""""},""Red"":{""name"":""Red"",""color"":""#dd3333"",""image"":"""",""show_tooltip"":"""",""tooltip_text"":"""",""tooltip_image"":"""",""image_size"":""""},""Yellow"":{""name"":""Yellow"",""color"":""#eeee22"",""image"":"""",""show_tooltip"":"""",""tooltip_text"":"""",""tooltip_image"":"""",""image_size"":""""}}}}",color,"Blue, Gray, Green, Red, Yellow",1,1,,Size,"L, M, S",1,1,,0,,,,
618,simple,,"Flowy ruffled dress",1,0,visible,"A simple product is the most common and easily-understandable product type in WooCommerce. A simple product is a unique, stand-alone, physical product that you may have to ship to the customer. To start with, you can create a simple product, assign a price &amp; SKU for the product, and start selling them. eg: Books.\n\nSimple product in WooCommerce is one of the easiest to configure. You can add price, SKU and stock details, and publish a simple product. While creating a new product, you can select ‘Simple product’ from the drop-down.\n\nTo understand the process of setting up a WooCommerce Simple Product in detail, refer to our article <a href=""https://docs.woocommerce.com/document/managing-products/#section-5"" data-wpel-link=""internal"">How to Add a WooCommerce Simple Product</a>.","[elementor-template id=""253""]",,,taxable,,1,,,0,0,,,,,1,,,39.99,Women,"clean, creative, fashion, theme woocommerce, women",,"https://irina.novaworks.net/wp-content/uploads/2021/06/7.jpg, https://irina.novaworks.net/wp-content/uploads/2021/06/7-1.jpg, https://irina.novaworks.net/wp-content/uploads/2021/06/8-1.jpg, https://irina.novaworks.net/wp-content/uploads/2021/06/8.jpg, https://irina.novaworks.net/wp-content/uploads/2021/06/9-1.jpg, https://irina.novaworks.net/wp-content/uploads/2021/06/9.jpg",,,,,,,,,6,"{""color"":{""name"":""color"",""type"":""color"",""terms"":{""Blue"":{""name"":""Blue"",""color"":""#1e73be"",""image"":"""",""show_tooltip"":"""",""tooltip_text"":"""",""tooltip_image"":"""",""image_size"":""""},""Gray"":{""name"":""Gray"",""color"":""#c4c4c4"",""image"":"""",""show_tooltip"":"""",""tooltip_text"":"""",""tooltip_image"":"""",""image_size"":""""},""Green"":{""name"":""Green"",""color"":""#81d742"",""image"":"""",""show_tooltip"":"""",""tooltip_text"":"""",""tooltip_image"":"""",""image_size"":""""},""Red"":{""name"":""Red"",""color"":""#dd3333"",""image"":"""",""show_tooltip"":"""",""tooltip_text"":"""",""tooltip_image"":"""",""image_size"":""""},""Yellow"":{""name"":""Yellow"",""color"":""#eeee22"",""image"":"""",""show_tooltip"":"""",""tooltip_text"":"""",""tooltip_image"":"""",""image_size"":""""}}}}",color,"Blue, Gray, Green, Red, Yellow",1,1,,Size,"L, M, S",1,1,,0,,,,
619,variable,,"Heel leather sandals",1,0,visible,"This product type lets you add variations to the same product to create a complex, variable product. Each variation of the product has its own price, SKU, available stock, etc. eg: A shirt or t-shirt with different sizes and different colors.\n\nWhile creating the product, you can select the ‘Variable product’ option from the drop-down. To be able to create different variations, you will have to set up attributes and define values to each of them. You can use different attributes and values to create variations. After that, you can manually create available variations or create all possible variations in one go. You can update individual details for each variation, after all required variations are created.","[elementor-template id=""253""]",,,taxable,,1,,,0,0,,,,,1,,,,Women,"clean, creative, fashion, theme woocommerce, women",,"https://irina.novaworks.net/wp-content/uploads/2021/06/8.jpg, https://irina.novaworks.net/wp-content/uploads/2021/06/8-1.jpg, https://irina.novaworks.net/wp-content/uploads/2021/06/9-1.jpg, https://irina.novaworks.net/wp-content/uploads/2021/06/9.jpg, https://irina.novaworks.net/wp-content/uploads/2021/06/10-1.jpg, https://irina.novaworks.net/wp-content/uploads/2021/06/10.jpg",,,,,,,,,9,"{""color"":{""name"":""color"",""type"":""color"",""terms"":{""Blue"":{""name"":""Blue"",""color"":""#1e73be"",""image"":"""",""show_tooltip"":"""",""tooltip_text"":"""",""tooltip_image"":"""",""image_size"":""""},""Gray"":{""name"":""Gray"",""color"":""#c4c4c4"",""image"":"""",""show_tooltip"":"""",""tooltip_text"":"""",""tooltip_image"":"""",""image_size"":""""},""Green"":{""name"":""Green"",""color"":""#81d742"",""image"":"""",""show_tooltip"":"""",""tooltip_text"":"""",""tooltip_image"":"""",""image_size"":""""},""Red"":{""name"":""Red"",""color"":""#dd3333"",""image"":"""",""show_tooltip"":"""",""tooltip_text"":"""",""tooltip_image"":"""",""image_size"":""""},""Yellow"":{""name"":""Yellow"",""color"":""#eeee22"",""image"":"""",""show_tooltip"":"""",""tooltip_text"":"""",""tooltip_image"":"""",""image_size"":""""}}}}",color,"Blue, Gray, Green, Red, Yellow",1,1,Blue,Size,"L, M, S",1,1,L,0,,,,
636,variable,,"Asymmetric design top",1,0,visible,"This product type lets you add variations to the same product to create a complex, variable product. Each variation of the product has its own price, SKU, available stock, etc. eg: A shirt or t-shirt with different sizes and different colors.\n\nWhile creating the product, you can select the ‘Variable product’ option from the drop-down. To be able to create different variations, you will have to set up attributes and define values to each of them. You can use different attributes and values to create variations. After that, you can manually create available variations or create all possible variations in one go. You can update individual details for each variation, after all required variations are created.","[elementor-template id=""253""]",,,taxable,,1,,,0,0,,,,,1,,,,Women,"clean, creative, fashion, theme woocommerce, women",,"https://irina.novaworks.net/wp-content/uploads/2021/06/10.jpg, https://irina.novaworks.net/wp-content/uploads/2021/06/10-1.jpg, https://irina.novaworks.net/wp-content/uploads/2021/06/11-1.jpg, https://irina.novaworks.net/wp-content/uploads/2021/06/11.jpg, https://irina.novaworks.net/wp-content/uploads/2021/06/12-1.jpg, https://irina.novaworks.net/wp-content/uploads/2021/06/12.jpg",,,,,,,,,8,"{""color"":{""name"":""color"",""type"":""color"",""terms"":{""Blue"":{""name"":""Blue"",""color"":""#1e73be"",""image"":"""",""show_tooltip"":"""",""tooltip_text"":"""",""tooltip_image"":"""",""image_size"":""""},""Gray"":{""name"":""Gray"",""color"":""#c4c4c4"",""image"":"""",""show_tooltip"":"""",""tooltip_text"":"""",""tooltip_image"":"""",""image_size"":""""},""Green"":{""name"":""Green"",""color"":""#81d742"",""image"":"""",""show_tooltip"":"""",""tooltip_text"":"""",""tooltip_image"":"""",""image_size"":""""},""Red"":{""name"":""Red"",""color"":""#dd3333"",""image"":"""",""show_tooltip"":"""",""tooltip_text"":"""",""tooltip_image"":"""",""image_size"":""""},""Yellow"":{""name"":""Yellow"",""color"":""#eeee22"",""image"":"""",""show_tooltip"":"""",""tooltip_text"":"""",""tooltip_image"":"""",""image_size"":""""}}}}",color,"Blue, Gray, Green, Red, Yellow",1,1,Blue,Size,"L, M, S",1,1,L,0,,,,
652,simple,,"Fitted suit jacket with pocket",1,0,visible,"A simple product is the most common and easily-understandable product type in WooCommerce. A simple product is a unique, stand-alone, physical product that you may have to ship to the customer. To start with, you can create a simple product, assign a price &amp; SKU for the product, and start selling them. eg: Books.\n\nSimple product in WooCommerce is one of the easiest to configure. You can add price, SKU and stock details, and publish a simple product. While creating a new product, you can select ‘Simple product’ from the drop-down.\n\nTo understand the process of setting up a WooCommerce Simple Product in detail, refer to our article <a href=""https://docs.woocommerce.com/document/managing-products/#section-5"" data-wpel-link=""internal"">How to Add a WooCommerce Simple Product</a>.","[elementor-template id=""253""]",,,taxable,,1,,,0,0,,,,,1,,39.99,69.99,Women,"clean, creative, fashion, theme woocommerce, women",,"https://irina.novaworks.net/wp-content/uploads/2021/06/9.jpg, https://irina.novaworks.net/wp-content/uploads/2021/06/9-1.jpg, https://irina.novaworks.net/wp-content/uploads/2021/06/10-1.jpg, https://irina.novaworks.net/wp-content/uploads/2021/06/10.jpg, https://irina.novaworks.net/wp-content/uploads/2021/06/11-1.jpg, https://irina.novaworks.net/wp-content/uploads/2021/06/11.jpg",,,,,,,,,10,"{""color"":{""name"":""color"",""type"":""color"",""terms"":{""Blue"":{""name"":""Blue"",""color"":""#1e73be"",""image"":"""",""show_tooltip"":"""",""tooltip_text"":"""",""tooltip_image"":"""",""image_size"":""""},""Gray"":{""name"":""Gray"",""color"":""#c4c4c4"",""image"":"""",""show_tooltip"":"""",""tooltip_text"":"""",""tooltip_image"":"""",""image_size"":""""},""Green"":{""name"":""Green"",""color"":""#81d742"",""image"":"""",""show_tooltip"":"""",""tooltip_text"":"""",""tooltip_image"":"""",""image_size"":""""},""Red"":{""name"":""Red"",""color"":""#dd3333"",""image"":"""",""show_tooltip"":"""",""tooltip_text"":"""",""tooltip_image"":"""",""image_size"":""""},""Yellow"":{""name"":""Yellow"",""color"":""#eeee22"",""image"":"""",""show_tooltip"":"""",""tooltip_text"":"""",""tooltip_image"":"""",""image_size"":""""}}}}",color,"Blue, Gray, Green, Red, Yellow",1,1,,Size,"L, M, S",1,1,,0,,,,
653,simple,,"Flared long dress",1,0,visible,"A simple product is the most common and easily-understandable product type in WooCommerce. A simple product is a unique, stand-alone, physical product that you may have to ship to the customer. To start with, you can create a simple product, assign a price &amp; SKU for the product, and start selling them. eg: Books.\n\nSimple product in WooCommerce is one of the easiest to configure. You can add price, SKU and stock details, and publish a simple product. While creating a new product, you can select ‘Simple product’ from the drop-down.\n\nTo understand the process of setting up a WooCommerce Simple Product in detail, refer to our article <a href=""https://docs.woocommerce.com/document/managing-products/#section-5"" data-wpel-link=""internal"">How to Add a WooCommerce Simple Product</a>.","[elementor-template id=""253""]",,,taxable,,1,,,0,0,,,,,1,,,69.99,Women,"clean, creative, fashion, theme woocommerce, women",,"https://irina.novaworks.net/wp-content/uploads/2021/06/11.jpg, https://irina.novaworks.net/wp-content/uploads/2021/06/11-1.jpg, https://irina.novaworks.net/wp-content/uploads/2021/06/12-1.jpg, https://irina.novaworks.net/wp-content/uploads/2021/06/12.jpg, https://irina.novaworks.net/wp-content/uploads/2021/06/13-1.jpg, https://irina.novaworks.net/wp-content/uploads/2021/06/13.jpg",,,,,,,,,11,"{""color"":{""name"":""color"",""type"":""color"",""terms"":{""Blue"":{""name"":""Blue"",""color"":""#1e73be"",""image"":"""",""show_tooltip"":"""",""tooltip_text"":"""",""tooltip_image"":"""",""image_size"":""""},""Gray"":{""name"":""Gray"",""color"":""#c4c4c4"",""image"":"""",""show_tooltip"":"""",""tooltip_text"":"""",""tooltip_image"":"""",""image_size"":""""},""Green"":{""name"":""Green"",""color"":""#81d742"",""image"":"""",""show_tooltip"":"""",""tooltip_text"":"""",""tooltip_image"":"""",""image_size"":""""},""Red"":{""name"":""Red"",""color"":""#dd3333"",""image"":"""",""show_tooltip"":"""",""tooltip_text"":"""",""tooltip_image"":"""",""image_size"":""""},""Yellow"":{""name"":""Yellow"",""color"":""#eeee22"",""image"":"""",""show_tooltip"":"""",""tooltip_text"":"""",""tooltip_image"":"""",""image_size"":""""}}}}",color,"Blue, Gray, Green, Red, Yellow",1,1,,Size,"L, M, S",1,1,,0,,,,
654,variable,,"Modal-blend suit blazer",1,0,visible,"This product type lets you add variations to the same product to create a complex, variable product. Each variation of the product has its own price, SKU, available stock, etc. eg: A shirt or t-shirt with different sizes and different colors.\n\nWhile creating the product, you can select the ‘Variable product’ option from the drop-down. To be able to create different variations, you will have to set up attributes and define values to each of them. You can use different attributes and values to create variations. After that, you can manually create available variations or create all possible variations in one go. You can update individual details for each variation, after all required variations are created.","[elementor-template id=""253""]",,,taxable,,1,,,0,0,,,,,1,,,,Women,"clean, creative, fashion, theme woocommerce, women",,"https://irina.novaworks.net/wp-content/uploads/2021/06/12.jpg, https://irina.novaworks.net/wp-content/uploads/2021/06/12-1.jpg, https://irina.novaworks.net/wp-content/uploads/2021/06/13-1.jpg, https://irina.novaworks.net/wp-content/uploads/2021/06/13.jpg, https://irina.novaworks.net/wp-content/uploads/2021/06/14-1.jpg, https://irina.novaworks.net/wp-content/uploads/2021/06/14.jpg",,,,,,,,,12,"{""color"":{""name"":""color"",""type"":""color"",""terms"":{""Blue"":{""name"":""Blue"",""color"":""#1e73be"",""image"":"""",""show_tooltip"":"""",""tooltip_text"":"""",""tooltip_image"":"""",""image_size"":""""},""Gray"":{""name"":""Gray"",""color"":""#c4c4c4"",""image"":"""",""show_tooltip"":"""",""tooltip_text"":"""",""tooltip_image"":"""",""image_size"":""""},""Green"":{""name"":""Green"",""color"":""#81d742"",""image"":"""",""show_tooltip"":"""",""tooltip_text"":"""",""tooltip_image"":"""",""image_size"":""""},""Red"":{""name"":""Red"",""color"":""#dd3333"",""image"":"""",""show_tooltip"":"""",""tooltip_text"":"""",""tooltip_image"":"""",""image_size"":""""},""Yellow"":{""name"":""Yellow"",""color"":""#eeee22"",""image"":"""",""show_tooltip"":"""",""tooltip_text"":"""",""tooltip_image"":"""",""image_size"":""""}}}}",color,"Blue, Gray, Green, Red, Yellow",1,1,Blue,Size,"L, M, S",1,1,L,0,,,,
670,variable,,"Puff sleeves blouse",1,0,visible,"This product type lets you add variations to the same product to create a complex, variable product. Each variation of the product has its own price, SKU, available stock, etc. eg: A shirt or t-shirt with different sizes and different colors.\n\nWhile creating the product, you can select the ‘Variable product’ option from the drop-down. To be able to create different variations, you will have to set up attributes and define values to each of them. You can use different attributes and values to create variations. After that, you can manually create available variations or create all possible variations in one go. You can update individual details for each variation, after all required variations are created.","[elementor-template id=""253""]",,,taxable,,1,,,0,0,,,,,1,,,,Women,"clean, creative, fashion, theme woocommerce, women",,"https://irina.novaworks.net/wp-content/uploads/2021/06/13.jpg, https://irina.novaworks.net/wp-content/uploads/2021/06/13-1.jpg, https://irina.novaworks.net/wp-content/uploads/2021/06/14-1.jpg, https://irina.novaworks.net/wp-content/uploads/2021/06/14.jpg, https://irina.novaworks.net/wp-content/uploads/2021/06/15-1.jpg, https://irina.novaworks.net/wp-content/uploads/2021/06/15.jpg",,,,,,,,,13,"{""color"":{""name"":""color"",""type"":""color"",""terms"":{""Blue"":{""name"":""Blue"",""color"":""#1e73be"",""image"":"""",""show_tooltip"":"""",""tooltip_text"":"""",""tooltip_image"":"""",""image_size"":""""},""Gray"":{""name"":""Gray"",""color"":""#c4c4c4"",""image"":"""",""show_tooltip"":"""",""tooltip_text"":"""",""tooltip_image"":"""",""image_size"":""""},""Green"":{""name"":""Green"",""color"":""#81d742"",""image"":"""",""show_tooltip"":"""",""tooltip_text"":"""",""tooltip_image"":"""",""image_size"":""""},""Red"":{""name"":""Red"",""color"":""#dd3333"",""image"":"""",""show_tooltip"":"""",""tooltip_text"":"""",""tooltip_image"":"""",""image_size"":""""},""Yellow"":{""name"":""Yellow"",""color"":""#eeee22"",""image"":"""",""show_tooltip"":"""",""tooltip_text"":"""",""tooltip_image"":"""",""image_size"":""""}}}}",color,"Blue, Gray, Green, Red, Yellow",1,1,Blue,Size,"L, M, S",1,1,L,0,,,,
686,simple,,"Metallic appliqué dress",1,0,visible,"A simple product is the most common and easily-understandable product type in WooCommerce. A simple product is a unique, stand-alone, physical product that you may have to ship to the customer. To start with, you can create a simple product, assign a price &amp; SKU for the product, and start selling them. eg: Books.\n\nSimple product in WooCommerce is one of the easiest to configure. You can add price, SKU and stock details, and publish a simple product. While creating a new product, you can select ‘Simple product’ from the drop-down.\n\nTo understand the process of setting up a WooCommerce Simple Product in detail, refer to our article <a href=""https://docs.woocommerce.com/document/managing-products/#section-5"" data-wpel-link=""internal"">How to Add a WooCommerce Simple Product</a>.","[elementor-template id=""253""]",,,taxable,,1,,,0,0,,,,,1,,,49.99,Women,"clean, creative, fashion, theme woocommerce, women",,"https://irina.novaworks.net/wp-content/uploads/2021/06/14.jpg, https://irina.novaworks.net/wp-content/uploads/2021/06/14-1.jpg, https://irina.novaworks.net/wp-content/uploads/2021/06/15-1.jpg, https://irina.novaworks.net/wp-content/uploads/2021/06/15.jpg, https://irina.novaworks.net/wp-content/uploads/2021/06/10.jpg, https://irina.novaworks.net/wp-content/uploads/2021/06/10-1.jpg",,,,,,,,,14,"{""color"":{""name"":""color"",""type"":""color"",""terms"":{""Blue"":{""name"":""Blue"",""color"":""#1e73be"",""image"":"""",""show_tooltip"":"""",""tooltip_text"":"""",""tooltip_image"":"""",""image_size"":""""},""Gray"":{""name"":""Gray"",""color"":""#c4c4c4"",""image"":"""",""show_tooltip"":"""",""tooltip_text"":"""",""tooltip_image"":"""",""image_size"":""""},""Green"":{""name"":""Green"",""color"":""#81d742"",""image"":"""",""show_tooltip"":"""",""tooltip_text"":"""",""tooltip_image"":"""",""image_size"":""""},""Red"":{""name"":""Red"",""color"":""#dd3333"",""image"":"""",""show_tooltip"":"""",""tooltip_text"":"""",""tooltip_image"":"""",""image_size"":""""},""Yellow"":{""name"":""Yellow"",""color"":""#eeee22"",""image"":"""",""show_tooltip"":"""",""tooltip_text"":"""",""tooltip_image"":"""",""image_size"":""""}}}}",color,"Blue, Gray, Green, Red, Yellow",1,1,,Size,"L, M, S",1,1,,0,,,,
687,simple,,"Wrap V-neckline blouse",1,0,visible,"A simple product is the most common and easily-understandable product type in WooCommerce. A simple product is a unique, stand-alone, physical product that you may have to ship to the customer. To start with, you can create a simple product, assign a price &amp; SKU for the product, and start selling them. eg: Books.\n\nSimple product in WooCommerce is one of the easiest to configure. You can add price, SKU and stock details, and publish a simple product. While creating a new product, you can select ‘Simple product’ from the drop-down.\n\nTo understand the process of setting up a WooCommerce Simple Product in detail, refer to our article <a href=""https://docs.woocommerce.com/document/managing-products/#section-5"" data-wpel-link=""internal"">How to Add a WooCommerce Simple Product</a>.","[elementor-template id=""253""]",,,taxable,,0,,,0,0,,,,,1,,,49.99,Women,"clean, creative, fashion, theme woocommerce, women",,"https://irina.novaworks.net/wp-content/uploads/2021/06/15.jpg, https://irina.novaworks.net/wp-content/uploads/2021/06/15-1.jpg, https://irina.novaworks.net/wp-content/uploads/2021/06/10.jpg, https://irina.novaworks.net/wp-content/uploads/2021/06/10-1.jpg, https://irina.novaworks.net/wp-content/uploads/2021/06/8.jpg",,,,,,,,,15,"{""color"":{""name"":""color"",""type"":""color"",""terms"":{""Blue"":{""name"":""Blue"",""color"":""#1e73be"",""image"":"""",""show_tooltip"":"""",""tooltip_text"":"""",""tooltip_image"":"""",""image_size"":""""},""Gray"":{""name"":""Gray"",""color"":""#c4c4c4"",""image"":"""",""show_tooltip"":"""",""tooltip_text"":"""",""tooltip_image"":"""",""image_size"":""""},""Green"":{""name"":""Green"",""color"":""#81d742"",""image"":"""",""show_tooltip"":"""",""tooltip_text"":"""",""tooltip_image"":"""",""image_size"":""""},""Red"":{""name"":""Red"",""color"":""#dd3333"",""image"":"""",""show_tooltip"":"""",""tooltip_text"":"""",""tooltip_image"":"""",""image_size"":""""},""Yellow"":{""name"":""Yellow"",""color"":""#eeee22"",""image"":"""",""show_tooltip"":"""",""tooltip_text"":"""",""tooltip_image"":"""",""image_size"":""""}}}}",color,"Blue, Gray, Green, Red, Yellow",1,1,,Size,"L, M, S",1,1,,0,,,,
733,variable,,"Cotton linen embroidered blouse",1,0,visible,"This product type lets you add variations to the same product to create a complex, variable product. Each variation of the product has its own price, SKU, available stock, etc. eg: A shirt or t-shirt with different sizes and different colors.\n\nWhile creating the product, you can select the ‘Variable product’ option from the drop-down. To be able to create different variations, you will have to set up attributes and define values to each of them. You can use different attributes and values to create variations. After that, you can manually create available variations or create all possible variations in one go. You can update individual details for each variation, after all required variations are created.","[elementor-template id=""253""]",,,taxable,,1,,,0,0,,,,,1,,,,"Accessories, Clothing, Hoodies, Tshirts, Women","clean, creative, fashion, main01, theme woocommerce, women",,"https://irina.novaworks.net/wp-content/uploads/2021/06/image178.jpeg, https://irina.novaworks.net/wp-content/uploads/2021/06/image179.jpeg, https://irina.novaworks.net/wp-content/uploads/2021/06/main_01_p-01-3.jpg, https://irina.novaworks.net/wp-content/uploads/2021/06/main_01_p-01-4.jpg, https://irina.novaworks.net/wp-content/uploads/2021/06/main_01_p-01-5.jpg, https://irina.novaworks.net/wp-content/uploads/2021/06/main_01_p-01-6.jpg",,,,,,,,,19,"{""color"":{""name"":""color"",""type"":""color"",""terms"":{""Blue"":{""name"":""Blue"",""color"":""#1e73be"",""image"":"""",""show_tooltip"":"""",""tooltip_text"":"""",""tooltip_image"":"""",""image_size"":""""},""Gray"":{""name"":""Gray"",""color"":""#c4c4c4"",""image"":"""",""show_tooltip"":"""",""tooltip_text"":"""",""tooltip_image"":"""",""image_size"":""""},""Green"":{""name"":""Green"",""color"":""#81d742"",""image"":"""",""show_tooltip"":"""",""tooltip_text"":"""",""tooltip_image"":"""",""image_size"":""""},""Red"":{""name"":""Red"",""color"":""#dd3333"",""image"":"""",""show_tooltip"":"""",""tooltip_text"":"""",""tooltip_image"":"""",""image_size"":""""},""Yellow"":{""name"":""Yellow"",""color"":""#eeee22"",""image"":"""",""show_tooltip"":"""",""tooltip_text"":"""",""tooltip_image"":"""",""image_size"":""""}}}}",color,"Blue, Gray, Green, Red, Yellow",1,1,Blue,Size,"L, M, S",1,1,L,0,,,,
993,variable,,"Wedge leather sandals",1,0,visible,"This product type lets you add variations to the same product to create a complex, variable product. Each variation of the product has its own price, SKU, available stock, etc. eg: A shirt or t-shirt with different sizes and different colors.\n\nWhile creating the product, you can select the ‘Variable product’ option from the drop-down. To be able to create different variations, you will have to set up attributes and define values to each of them. You can use different attributes and values to create variations. After that, you can manually create available variations or create all possible variations in one go. You can update individual details for each variation, after all required variations are created.","[elementor-template id=""253""]",,,taxable,,1,,,0,0,,,,,1,,,,"Accessories, Clothing, Hoodies, Tshirts, Women","clean, creative, fashion, main03, theme woocommerce, women",,"https://irina.novaworks.net/wp-content/uploads/2021/06/shoes-1.jpg, https://irina.novaworks.net/wp-content/uploads/2021/06/shoes-2.jpg, https://irina.novaworks.net/wp-content/uploads/2021/06/image179.jpeg, https://irina.novaworks.net/wp-content/uploads/2021/06/main_01_p-01-3.jpg, https://irina.novaworks.net/wp-content/uploads/2021/06/main_01_p-01-4.jpg, https://irina.novaworks.net/wp-content/uploads/2021/06/main_01_p-01-5.jpg",,,,,,,,,28,"{""color"":{""name"":""color"",""type"":""color"",""terms"":{""Blue"":{""name"":""Blue"",""color"":""#1e73be"",""image"":"""",""show_tooltip"":"""",""tooltip_text"":"""",""tooltip_image"":"""",""image_size"":""""},""Gray"":{""name"":""Gray"",""color"":""#c4c4c4"",""image"":"""",""show_tooltip"":"""",""tooltip_text"":"""",""tooltip_image"":"""",""image_size"":""""},""Green"":{""name"":""Green"",""color"":""#81d742"",""image"":"""",""show_tooltip"":"""",""tooltip_text"":"""",""tooltip_image"":"""",""image_size"":""""},""Red"":{""name"":""Red"",""color"":""#dd3333"",""image"":"""",""show_tooltip"":"""",""tooltip_text"":"""",""tooltip_image"":"""",""image_size"":""""},""Yellow"":{""name"":""Yellow"",""color"":""#eeee22"",""image"":"""",""show_tooltip"":"""",""tooltip_text"":"""",""tooltip_image"":"""",""image_size"":""""}}}}",color,"Blue, Gray, Green, Red, Yellow",1,1,Blue,Size,"L, M, S",1,1,L,0,,,,
1009,variable,,"Jute cross-body bag",1,0,visible,"This product type lets you add variations to the same product to create a complex, variable product. Each variation of the product has its own price, SKU, available stock, etc. eg: A shirt or t-shirt with different sizes and different colors.\n\nWhile creating the product, you can select the ‘Variable product’ option from the drop-down. To be able to create different variations, you will have to set up attributes and define values to each of them. You can use different attributes and values to create variations. After that, you can manually create available variations or create all possible variations in one go. You can update individual details for each variation, after all required variations are created.","[elementor-template id=""253""]",,,taxable,,1,,,0,0,,,,,1,,,,"Accessories, Clothing, Hoodies, Tshirts, Women","clean, creative, fashion, main03, theme woocommerce, women",,"https://irina.novaworks.net/wp-content/uploads/2021/06/bag-1.jpg, https://irina.novaworks.net/wp-content/uploads/2021/06/bag-2.jpg, https://irina.novaworks.net/wp-content/uploads/2021/06/image179.jpeg, https://irina.novaworks.net/wp-content/uploads/2021/06/main_01_p-01-3.jpg, https://irina.novaworks.net/wp-content/uploads/2021/06/main_01_p-01-4.jpg, https://irina.novaworks.net/wp-content/uploads/2021/06/shoes-1.jpg",,,,,,,,,27,"{""color"":{""name"":""color"",""type"":""color"",""terms"":{""Blue"":{""name"":""Blue"",""color"":""#1e73be"",""image"":"""",""show_tooltip"":"""",""tooltip_text"":"""",""tooltip_image"":"""",""image_size"":""""},""Gray"":{""name"":""Gray"",""color"":""#c4c4c4"",""image"":"""",""show_tooltip"":"""",""tooltip_text"":"""",""tooltip_image"":"""",""image_size"":""""},""Green"":{""name"":""Green"",""color"":""#81d742"",""image"":"""",""show_tooltip"":"""",""tooltip_text"":"""",""tooltip_image"":"""",""image_size"":""""},""Red"":{""name"":""Red"",""color"":""#dd3333"",""image"":"""",""show_tooltip"":"""",""tooltip_text"":"""",""tooltip_image"":"""",""image_size"":""""},""Yellow"":{""name"":""Yellow"",""color"":""#eeee22"",""image"":"""",""show_tooltip"":"""",""tooltip_text"":"""",""tooltip_image"":"""",""image_size"":""""}}}}",color,"Blue, Gray, Green, Red, Yellow",1,1,Blue,Size,"L, M, S",1,1,L,0,,,,
1031,grouped,,"Print folding umbrella",1,0,visible,"This product type lets you add variations to the same product to create a complex, variable product. Each variation of the product has its own price, SKU, available stock, etc. eg: A shirt or t-shirt with different sizes and different colors.\n\nWhile creating the product, you can select the ‘Variable product’ option from the drop-down. To be able to create different variations, you will have to set up attributes and define values to each of them. You can use different attributes and values to create variations. After that, you can manually create available variations or create all possible variations in one go. You can update individual details for each variation, after all required variations are created.","[elementor-template id=""253""]",,,taxable,,1,,,0,0,,,,,1,,,,"Accessories, Clothing, Hoodies, Tshirts, Women","clean, creative, fashion, main03, theme woocommerce, women",,"https://irina.novaworks.net/wp-content/uploads/2021/06/um-1.jpg, https://irina.novaworks.net/wp-content/uploads/2021/06/um-2.jpg, https://irina.novaworks.net/wp-content/uploads/2021/06/bag-2.jpg, https://irina.novaworks.net/wp-content/uploads/2021/06/image179.jpeg, https://irina.novaworks.net/wp-content/uploads/2021/06/main_01_p-01-4.jpg, https://irina.novaworks.net/wp-content/uploads/2021/06/shoes-1.jpg",,,,"id:654, id:653, id:670",,,,,26,"{""color"":{""name"":""color"",""type"":""color"",""terms"":{""Blue"":{""name"":""Blue"",""color"":""#1e73be"",""image"":"""",""show_tooltip"":"""",""tooltip_text"":"""",""tooltip_image"":"""",""image_size"":""""},""Gray"":{""name"":""Gray"",""color"":""#c4c4c4"",""image"":"""",""show_tooltip"":"""",""tooltip_text"":"""",""tooltip_image"":"""",""image_size"":""""},""Green"":{""name"":""Green"",""color"":""#81d742"",""image"":"""",""show_tooltip"":"""",""tooltip_text"":"""",""tooltip_image"":"""",""image_size"":""""},""Red"":{""name"":""Red"",""color"":""#dd3333"",""image"":"""",""show_tooltip"":"""",""tooltip_text"":"""",""tooltip_image"":"""",""image_size"":""""},""Yellow"":{""name"":""Yellow"",""color"":""#eeee22"",""image"":"""",""show_tooltip"":"""",""tooltip_text"":"""",""tooltip_image"":"""",""image_size"":""""}}}}",color,"Blue, Gray, Green, Red, Yellow",1,1,,Size,"L, M, S",1,1,,0,,,,
1251,simple,,"Openwork knit polo",1,0,visible,"A simple product is the most common and easily-understandable product type in WooCommerce. A simple product is a unique, stand-alone, physical product that you may have to ship to the customer. To start with, you can create a simple product, assign a price &amp; SKU for the product, and start selling them. eg: Books.\n\nSimple product in WooCommerce is one of the easiest to configure. You can add price, SKU and stock details, and publish a simple product. While creating a new product, you can select ‘Simple product’ from the drop-down.\n\nTo understand the process of setting up a WooCommerce Simple Product in detail, refer to our article <a href=""https://docs.woocommerce.com/document/managing-products/#section-5"" data-wpel-link=""internal"">How to Add a WooCommerce Simple Product</a>.","[elementor-template id=""253""]",,,taxable,,1,,,0,0,,,,,1,,,99.99,"Accessories, Clothing, Hoodies, Tshirts, Women","clean, creative, fashion, main04, theme woocommerce, women",,"https://irina.novaworks.net/wp-content/uploads/2021/06/m04_p_01.jpg, https://irina.novaworks.net/wp-content/uploads/2021/06/m04_p_03.jpg, https://irina.novaworks.net/wp-content/uploads/2021/06/m04_p_02.jpg, https://irina.novaworks.net/wp-content/uploads/2021/06/main_01_p-03-2.jpg, https://irina.novaworks.net/wp-content/uploads/2021/06/main_01_p-03-3.jpg, https://irina.novaworks.net/wp-content/uploads/2021/06/main_01_p-03-4.jpg",,,,,,,,,25,"{""color"":{""name"":""color"",""type"":""color"",""terms"":{""Blue"":{""name"":""Blue"",""color"":""#1e73be"",""image"":"""",""show_tooltip"":"""",""tooltip_text"":"""",""tooltip_image"":"""",""image_size"":""""},""Gray"":{""name"":""Gray"",""color"":""#c4c4c4"",""image"":"""",""show_tooltip"":"""",""tooltip_text"":"""",""tooltip_image"":"""",""image_size"":""""},""Green"":{""name"":""Green"",""color"":""#81d742"",""image"":"""",""show_tooltip"":"""",""tooltip_text"":"""",""tooltip_image"":"""",""image_size"":""""},""Red"":{""name"":""Red"",""color"":""#dd3333"",""image"":"""",""show_tooltip"":"""",""tooltip_text"":"""",""tooltip_image"":"""",""image_size"":""""},""Yellow"":{""name"":""Yellow"",""color"":""#eeee22"",""image"":"""",""show_tooltip"":"""",""tooltip_text"":"""",""tooltip_image"":"""",""image_size"":""""}}}}",color,"Blue, Gray, Green, Red, Yellow",1,1,,Size,"L, M, S",1,1,,0,,,,
1261,"simple, downloadable",,"Openwork cotton top",1,0,visible,"<strong>Downloadable</strong> – activates additional fields where you can provide a downloadable file. After a successful purchase, customers are given a downloadable file as a link in the order notification email. This is suitable, for example, for a digital album, PDF magazine, or photo.","[elementor-template id=""253""]",,,taxable,,1,,,0,0,,,,,1,,,99.99,"Accessories, Clothing, Hoodies, Tshirts, Women","clean, creative, fashion, main04, theme woocommerce, women",,"https://irina.novaworks.net/wp-content/uploads/2021/06/m04_p_02.jpg, https://irina.novaworks.net/wp-content/uploads/2021/06/m04_p_03.jpg, https://irina.novaworks.net/wp-content/uploads/2021/06/m04_p_01.jpg, https://irina.novaworks.net/wp-content/uploads/2021/06/main_01_p-03-2.jpg, https://irina.novaworks.net/wp-content/uploads/2021/06/main_01_p-03-3.jpg, https://irina.novaworks.net/wp-content/uploads/2021/06/main_01_p-03-4.jpg",'-1,'-1,,,,,,,24,"{""color"":{""name"":""color"",""type"":""color"",""terms"":{""Blue"":{""name"":""Blue"",""color"":""#1e73be"",""image"":"""",""show_tooltip"":"""",""tooltip_text"":"""",""tooltip_image"":"""",""image_size"":""""},""Gray"":{""name"":""Gray"",""color"":""#c4c4c4"",""image"":"""",""show_tooltip"":"""",""tooltip_text"":"""",""tooltip_image"":"""",""image_size"":""""},""Green"":{""name"":""Green"",""color"":""#81d742"",""image"":"""",""show_tooltip"":"""",""tooltip_text"":"""",""tooltip_image"":"""",""image_size"":""""},""Red"":{""name"":""Red"",""color"":""#dd3333"",""image"":"""",""show_tooltip"":"""",""tooltip_text"":"""",""tooltip_image"":"""",""image_size"":""""},""Yellow"":{""name"":""Yellow"",""color"":""#eeee22"",""image"":"""",""show_tooltip"":"""",""tooltip_text"":"""",""tooltip_image"":"""",""image_size"":""""}}}}",color,"Blue, Gray, Green, Red, Yellow",1,1,,Size,"L, M, S",1,1,,0,,a94a72c8-ce35-423c-ac1f-1eab565c0568,main03_video_banner.jpeg,https://irina.novaworks.net/wp-content/uploads/2021/06/main03_video_banner.jpeg
1263,simple,,"Embroidered cotton top",1,0,visible,"A simple product is the most common and easily-understandable product type in WooCommerce. A simple product is a unique, stand-alone, physical product that you may have to ship to the customer. To start with, you can create a simple product, assign a price &amp; SKU for the product, and start selling them. eg: Books.\n\nSimple product in WooCommerce is one of the easiest to configure. You can add price, SKU and stock details, and publish a simple product. While creating a new product, you can select ‘Simple product’ from the drop-down.\n\nTo understand the process of setting up a WooCommerce Simple Product in detail, refer to our article <a href=""https://docs.woocommerce.com/document/managing-products/#section-5"" data-wpel-link=""internal"">How to Add a WooCommerce Simple Product</a>.","[elementor-template id=""253""]",,,taxable,,1,,,0,0,,,,,1,,,99.99,"Accessories, Clothing, Hoodies, Tshirts, Women","clean, creative, fashion, main04, theme woocommerce, women",,"https://irina.novaworks.net/wp-content/uploads/2021/06/m04_p_03.jpg, https://irina.novaworks.net/wp-content/uploads/2021/06/m04_p_02.jpg, https://irina.novaworks.net/wp-content/uploads/2021/06/m04_p_01.jpg, https://irina.novaworks.net/wp-content/uploads/2021/06/main_01_p-03-2.jpg, https://irina.novaworks.net/wp-content/uploads/2021/06/main_01_p-03-3.jpg, https://irina.novaworks.net/wp-content/uploads/2021/06/main_01_p-03-4.jpg",,,,,,,,,23,"{""color"":{""name"":""color"",""type"":""color"",""terms"":{""Blue"":{""name"":""Blue"",""color"":""#1e73be"",""image"":"""",""show_tooltip"":"""",""tooltip_text"":"""",""tooltip_image"":"""",""image_size"":""""},""Gray"":{""name"":""Gray"",""color"":""#c4c4c4"",""image"":"""",""show_tooltip"":"""",""tooltip_text"":"""",""tooltip_image"":"""",""image_size"":""""},""Green"":{""name"":""Green"",""color"":""#81d742"",""image"":"""",""show_tooltip"":"""",""tooltip_text"":"""",""tooltip_image"":"""",""image_size"":""""},""Red"":{""name"":""Red"",""color"":""#dd3333"",""image"":"""",""show_tooltip"":"""",""tooltip_text"":"""",""tooltip_image"":"""",""image_size"":""""},""Yellow"":{""name"":""Yellow"",""color"":""#eeee22"",""image"":"""",""show_tooltip"":"""",""tooltip_text"":"""",""tooltip_image"":"""",""image_size"":""""}}}}",color,"Blue, Gray, Green, Red, Yellow",1,1,,Size,"L, M, S",1,1,,0,,,,
1268,simple,,"Stripes organic cotton t-shirt",1,0,visible,"A simple product is the most common and easily-understandable product type in WooCommerce. A simple product is a unique, stand-alone, physical product that you may have to ship to the customer. To start with, you can create a simple product, assign a price &amp; SKU for the product, and start selling them. eg: Books.\n\nSimple product in WooCommerce is one of the easiest to configure. You can add price, SKU and stock details, and publish a simple product. While creating a new product, you can select ‘Simple product’ from the drop-down.\n\nTo understand the process of setting up a WooCommerce Simple Product in detail, refer to our article <a href=""https://docs.woocommerce.com/document/managing-products/#section-5"" data-wpel-link=""internal"">How to Add a WooCommerce Simple Product</a>.","[elementor-template id=""253""]",,,taxable,,1,,,0,0,,,,,1,,,99.99,"Accessories, Clothing, Hoodies, Tshirts, Women","clean, creative, fashion, main04, theme woocommerce, women",,"https://irina.novaworks.net/wp-content/uploads/2021/06/m04_p_04_1.jpg, https://irina.novaworks.net/wp-content/uploads/2021/06/m04_p_04_2.jpg, https://irina.novaworks.net/wp-content/uploads/2021/06/m04_p_06_2.jpg, https://irina.novaworks.net/wp-content/uploads/2021/06/m04_p_06_1.jpg, https://irina.novaworks.net/wp-content/uploads/2021/06/m04_p_05_2.jpg, https://irina.novaworks.net/wp-content/uploads/2021/06/m04_p_05_1.jpg",,,,,,,,,22,"{""color"":{""name"":""color"",""type"":""color"",""terms"":{""Blue"":{""name"":""Blue"",""color"":""#1e73be"",""image"":"""",""show_tooltip"":"""",""tooltip_text"":"""",""tooltip_image"":"""",""image_size"":""""},""Gray"":{""name"":""Gray"",""color"":""#c4c4c4"",""image"":"""",""show_tooltip"":"""",""tooltip_text"":"""",""tooltip_image"":"""",""image_size"":""""},""Green"":{""name"":""Green"",""color"":""#81d742"",""image"":"""",""show_tooltip"":"""",""tooltip_text"":"""",""tooltip_image"":"""",""image_size"":""""},""Red"":{""name"":""Red"",""color"":""#dd3333"",""image"":"""",""show_tooltip"":"""",""tooltip_text"":"""",""tooltip_image"":"""",""image_size"":""""},""Yellow"":{""name"":""Yellow"",""color"":""#eeee22"",""image"":"""",""show_tooltip"":"""",""tooltip_text"":"""",""tooltip_image"":"""",""image_size"":""""}}}}",color,"Blue, Gray, Green, Red, Yellow",1,1,,Size,"L, M, S",1,1,,0,,,,
1269,simple,,"Pleated shoulder T-shirt",1,0,visible,"A simple product is the most common and easily-understandable product type in WooCommerce. A simple product is a unique, stand-alone, physical product that you may have to ship to the customer. To start with, you can create a simple product, assign a price &amp; SKU for the product, and start selling them. eg: Books.\n\nSimple product in WooCommerce is one of the easiest to configure. You can add price, SKU and stock details, and publish a simple product. While creating a new product, you can select ‘Simple product’ from the drop-down.\n\nTo understand the process of setting up a WooCommerce Simple Product in detail, refer to our article <a href=""https://docs.woocommerce.com/document/managing-products/#section-5"" data-wpel-link=""internal"">How to Add a WooCommerce Simple Product</a>.","[elementor-template id=""253""]",,,taxable,,1,,,0,0,,,,,1,,,99.99,"Accessories, Clothing, Hoodies, Tshirts, Women","clean, creative, fashion, main04, theme woocommerce, women",,"https://irina.novaworks.net/wp-content/uploads/2021/06/m04_p_05_1.jpg, https://irina.novaworks.net/wp-content/uploads/2021/06/m04_p_05_2.jpg, https://irina.novaworks.net/wp-content/uploads/2021/06/m04_p_04_2.jpg, https://irina.novaworks.net/wp-content/uploads/2021/06/m04_p_06_2.jpg, https://irina.novaworks.net/wp-content/uploads/2021/06/m04_p_06_1.jpg, https://irina.novaworks.net/wp-content/uploads/2021/06/m04_p_05_1.jpg",,,,,,,,,21,"{""color"":{""name"":""color"",""type"":""color"",""terms"":{""Blue"":{""name"":""Blue"",""color"":""#1e73be"",""image"":"""",""show_tooltip"":"""",""tooltip_text"":"""",""tooltip_image"":"""",""image_size"":""""},""Gray"":{""name"":""Gray"",""color"":""#c4c4c4"",""image"":"""",""show_tooltip"":"""",""tooltip_text"":"""",""tooltip_image"":"""",""image_size"":""""},""Green"":{""name"":""Green"",""color"":""#81d742"",""image"":"""",""show_tooltip"":"""",""tooltip_text"":"""",""tooltip_image"":"""",""image_size"":""""},""Red"":{""name"":""Red"",""color"":""#dd3333"",""image"":"""",""show_tooltip"":"""",""tooltip_text"":"""",""tooltip_image"":"""",""image_size"":""""},""Yellow"":{""name"":""Yellow"",""color"":""#eeee22"",""image"":"""",""show_tooltip"":"""",""tooltip_text"":"""",""tooltip_image"":"""",""image_size"":""""}}}}",color,"Blue, Gray, Green, Red, Yellow",1,1,,Size,"L, M, S",1,1,,0,,,,
1271,simple,,"Essential cotton-blend T-shirt",1,0,visible,"A simple product is the most common and easily-understandable product type in WooCommerce. A simple product is a unique, stand-alone, physical product that you may have to ship to the customer. To start with, you can create a simple product, assign a price &amp; SKU for the product, and start selling them. eg: Books.\n\nSimple product in WooCommerce is one of the easiest to configure. You can add price, SKU and stock details, and publish a simple product. While creating a new product, you can select ‘Simple product’ from the drop-down.\n\nTo understand the process of setting up a WooCommerce Simple Product in detail, refer to our article <a href=""https://docs.woocommerce.com/document/managing-products/#section-5"" data-wpel-link=""internal"">How to Add a WooCommerce Simple Product</a>.","[elementor-template id=""253""]",,,taxable,,1,,,0,0,,,,,1,,,99.99,"Accessories, Clothing, Hoodies, Tshirts, Women","clean, creative, fashion, main04, theme woocommerce, women",,"https://irina.novaworks.net/wp-content/uploads/2021/06/m04_p_06_1.jpg, https://irina.novaworks.net/wp-content/uploads/2021/06/m04_p_06_2.jpg, https://irina.novaworks.net/wp-content/uploads/2021/06/m04_p_05_2.jpg, https://irina.novaworks.net/wp-content/uploads/2021/06/m04_p_04_2.jpg, https://irina.novaworks.net/wp-content/uploads/2021/06/m04_p_06_1.jpg, https://irina.novaworks.net/wp-content/uploads/2021/06/m04_p_05_1.jpg",,,,,,,,,20,"{""color"":{""name"":""color"",""type"":""color"",""terms"":{""Blue"":{""name"":""Blue"",""color"":""#1e73be"",""image"":"""",""show_tooltip"":"""",""tooltip_text"":"""",""tooltip_image"":"""",""image_size"":""""},""Gray"":{""name"":""Gray"",""color"":""#c4c4c4"",""image"":"""",""show_tooltip"":"""",""tooltip_text"":"""",""tooltip_image"":"""",""image_size"":""""},""Green"":{""name"":""Green"",""color"":""#81d742"",""image"":"""",""show_tooltip"":"""",""tooltip_text"":"""",""tooltip_image"":"""",""image_size"":""""},""Red"":{""name"":""Red"",""color"":""#dd3333"",""image"":"""",""show_tooltip"":"""",""tooltip_text"":"""",""tooltip_image"":"""",""image_size"":""""},""Yellow"":{""name"":""Yellow"",""color"":""#eeee22"",""image"":"""",""show_tooltip"":"""",""tooltip_text"":"""",""tooltip_image"":"""",""image_size"":""""}}}}",color,"Blue, Gray, Green, Red, Yellow",1,1,,Size,"L, M, S",1,1,,0,,,,
245,variation,,"Waist straight Slouchy jeans - Green, S",1,0,visible,,,,,taxable,parent,1,,,0,0,,,,,0,,,99.99,,,,,,,id:218,,,,,,9,,color,Green,,1,,Size,S,,1,,,,,,
246,variation,,"Waist straight Slouchy jeans - Red, L",1,0,visible,,,,,taxable,parent,1,,,0,0,,,,,0,,,99.99,,,,,,,id:218,,,,,,10,,color,Red,,1,,Size,L,,1,,,,,,
247,variation,,"Waist straight Slouchy jeans - Red, M",1,0,visible,,,,,taxable,parent,1,,,0,0,,,,,0,,,99.99,,,,,,,id:218,,,,,,11,,color,Red,,1,,Size,M,,1,,,,,,
248,variation,,"Waist straight Slouchy jeans - Red, S",1,0,visible,,,,,taxable,parent,1,,,0,0,,,,,0,,,99.99,,,,,,,id:218,,,,,,12,,color,Red,,1,,Size,S,,1,,,,,,
249,variation,,"Waist straight Slouchy jeans - Yellow, L",1,0,visible,,,,,taxable,parent,1,,,0,0,,,,,0,,,99.99,,,,,,,id:218,,,,,,13,,color,Yellow,,1,,Size,L,,1,,,,,,
250,variation,,"Waist straight Slouchy jeans - Yellow, M",1,0,visible,,,,,taxable,parent,1,,,0,0,,,,,0,,,99.99,,,,,,,id:218,,,,,,14,,color,Yellow,,1,,Size,M,,1,,,,,,
251,variation,,"Waist straight Slouchy jeans - Yellow, S",1,0,visible,,,,,taxable,parent,1,,,0,0,,,,,0,,,99.99,,,,,,,id:218,,,,,,15,,color,Yellow,,1,,Size,S,,1,,,,,,
237,variation,,"Waist straight Slouchy jeans - Blue, L",1,0,visible,,,,,taxable,parent,1,,,0,0,,,,,0,,,99.99,,,,,,,id:218,,,,,,1,,color,Blue,,1,,Size,L,,1,,,,,,
238,variation,,"Waist straight Slouchy jeans - Blue, M",1,0,visible,,,,,taxable,parent,1,,,0,0,,,,,0,,,99.99,,,,,,,id:218,,,,,,2,,color,Blue,,1,,Size,M,,1,,,,,,
239,variation,,"Waist straight Slouchy jeans - Blue, S",1,0,visible,,,,,taxable,parent,1,,,0,0,,,,,0,,,99.99,,,,,,,id:218,,,,,,3,,color,Blue,,1,,Size,S,,1,,,,,,
240,variation,,"Waist straight Slouchy jeans - Gray, L",1,0,visible,,,,,taxable,parent,1,,,0,0,,,,,0,,,99.99,,,,,,,id:218,,,,,,4,,color,Gray,,1,,Size,L,,1,,,,,,
241,variation,,"Waist straight Slouchy jeans - Gray, M",1,0,visible,,,,,taxable,parent,1,,,0,0,,,,,0,,,99.99,,,,,,,id:218,,,,,,5,,color,Gray,,1,,Size,M,,1,,,,,,
242,variation,,"Waist straight Slouchy jeans - Gray, S",1,0,visible,,,,,taxable,parent,1,,,0,0,,,,,0,,,99.99,,,,,,,id:218,,,,,,6,,color,Gray,,1,,Size,S,,1,,,,,,
243,variation,,"Waist straight Slouchy jeans - Green, L",1,0,visible,,,,,taxable,parent,1,,,0,0,,,,,0,,,99.99,,,,,,,id:218,,,,,,7,,color,Green,,1,,Size,L,,1,,,,,,
244,variation,,"Waist straight Slouchy jeans - Green, M",1,0,visible,,,,,taxable,parent,1,,,0,0,,,,,0,,,99.99,,,,,,,id:218,,,,,,8,,color,Green,,1,,Size,M,,1,,,,,,
576,variation,,"Halter long jumpsuit - Yellow, S",1,0,visible,,,,,taxable,parent,1,,,0,0,,,,,0,,,99.99,,,,,,,id:561,,,,,,15,,color,Yellow,,1,,Size,S,,1,,,,,,
562,variation,,"Halter long jumpsuit - Blue, L",1,0,visible,,,,,taxable,parent,1,,,0,0,,,,,0,,,99.99,,,,,,,id:561,,,,,,1,,color,Blue,,1,,Size,L,,1,,,,,,
563,variation,,"Halter long jumpsuit - Blue, M",1,0,visible,,,,,taxable,parent,1,,,0,0,,,,,0,,,99.99,,,,,,,id:561,,,,,,2,,color,Blue,,1,,Size,M,,1,,,,,,
564,variation,,"Halter long jumpsuit - Blue, S",1,0,visible,,,,,taxable,parent,1,,,0,0,,,,,0,,,99.99,,,,,,,id:561,,,,,,3,,color,Blue,,1,,Size,S,,1,,,,,,
565,variation,,"Halter long jumpsuit - Gray, L",1,0,visible,,,,,taxable,parent,1,,,0,0,,,,,0,,,99.99,,,,,,,id:561,,,,,,4,,color,Gray,,1,,Size,L,,1,,,,,,
566,variation,,"Halter long jumpsuit - Gray, M",1,0,visible,,,,,taxable,parent,1,,,0,0,,,,,0,,,99.99,,,,,,,id:561,,,,,,5,,color,Gray,,1,,Size,M,,1,,,,,,
567,variation,,"Halter long jumpsuit - Gray, S",1,0,visible,,,,,taxable,parent,1,,,0,0,,,,,0,,,99.99,,,,,,,id:561,,,,,,6,,color,Gray,,1,,Size,S,,1,,,,,,
568,variation,,"Halter long jumpsuit - Green, L",1,0,visible,,,,,taxable,parent,1,,,0,0,,,,,0,,,99.99,,,,,,,id:561,,,,,,7,,color,Green,,1,,Size,L,,1,,,,,,
569,variation,,"Halter long jumpsuit - Green, M",1,0,visible,,,,,taxable,parent,1,,,0,0,,,,,0,,,99.99,,,,,,,id:561,,,,,,8,,color,Green,,1,,Size,M,,1,,,,,,
570,variation,,"Halter long jumpsuit - Green, S",1,0,visible,,,,,taxable,parent,1,,,0,0,,,,,0,,,99.99,,,,,,,id:561,,,,,,9,,color,Green,,1,,Size,S,,1,,,,,,
571,variation,,"Halter long jumpsuit - Red, L",1,0,visible,,,,,taxable,parent,1,,,0,0,,,,,0,,,99.99,,,,,,,id:561,,,,,,10,,color,Red,,1,,Size,L,,1,,,,,,
572,variation,,"Halter long jumpsuit - Red, M",1,0,visible,,,,,taxable,parent,1,,,0,0,,,,,0,,,99.99,,,,,,,id:561,,,,,,11,,color,Red,,1,,Size,M,,1,,,,,,
573,variation,,"Halter long jumpsuit - Red, S",1,0,visible,,,,,taxable,parent,1,,,0,0,,,,,0,,,99.99,,,,,,,id:561,,,,,,12,,color,Red,,1,,Size,S,,1,,,,,,
574,variation,,"Halter long jumpsuit - Yellow, L",1,0,visible,,,,,taxable,parent,1,,,0,0,,,,,0,,,99.99,,,,,,,id:561,,,,,,13,,color,Yellow,,1,,Size,L,,1,,,,,,
575,variation,,"Halter long jumpsuit - Yellow, M",1,0,visible,,,,,taxable,parent,1,,,0,0,,,,,0,,,99.99,,,,,,,id:561,,,,,,14,,color,Yellow,,1,,Size,M,,1,,,,,,
597,variation,,"Flowy palazzo trousers - Blue, S",1,0,visible,,,,,taxable,parent,1,,,0,0,,,,,0,,,99.99,,,,,,,id:594,,,,,,3,,color,Blue,,1,,Size,S,,1,,,,,,
598,variation,,"Flowy palazzo trousers - Gray, L",1,0,visible,,,,,taxable,parent,1,,,0,0,,,,,0,,,99.99,,,,,,,id:594,,,,,,4,,color,Gray,,1,,Size,L,,1,,,,,,
599,variation,,"Flowy palazzo trousers - Gray, M",1,0,visible,,,,,taxable,parent,1,,,0,0,,,,,0,,,99.99,,,,,,,id:594,,,,,,5,,color,Gray,,1,,Size,M,,1,,,,,,
600,variation,,"Flowy palazzo trousers - Gray, S",1,0,visible,,,,,taxable,parent,1,,,0,0,,,,,0,,,99.99,,,,,,,id:594,,,,,,6,,color,Gray,,1,,Size,S,,1,,,,,,
601,variation,,"Flowy palazzo trousers - Green, L",1,0,visible,,,,,taxable,parent,1,,,0,0,,,,,0,,,99.99,,,,,,,id:594,,,,,,7,,color,Green,,1,,Size,L,,1,,,,,,
602,variation,,"Flowy palazzo trousers - Green, M",1,0,visible,,,,,taxable,parent,1,,,0,0,,,,,0,,,99.99,,,,,,,id:594,,,,,,8,,color,Green,,1,,Size,M,,1,,,,,,
603,variation,,"Flowy palazzo trousers - Green, S",1,0,visible,,,,,taxable,parent,1,,,0,0,,,,,0,,,99.99,,,,,,,id:594,,,,,,9,,color,Green,,1,,Size,S,,1,,,,,,
604,variation,,"Flowy palazzo trousers - Red, L",1,0,visible,,,,,taxable,parent,1,,,0,0,,,,,0,,,99.99,,,,,,,id:594,,,,,,10,,color,Red,,1,,Size,L,,1,,,,,,
605,variation,,"Flowy palazzo trousers - Red, M",1,0,visible,,,,,taxable,parent,1,,,0,0,,,,,0,,,99.99,,,,,,,id:594,,,,,,11,,color,Red,,1,,Size,M,,1,,,,,,
606,variation,,"Flowy palazzo trousers - Red, S",1,0,visible,,,,,taxable,parent,1,,,0,0,,,,,0,,,99.99,,,,,,,id:594,,,,,,12,,color,Red,,1,,Size,S,,1,,,,,,
607,variation,,"Flowy palazzo trousers - Yellow, L",1,0,visible,,,,,taxable,parent,1,,,0,0,,,,,0,,,99.99,,,,,,,id:594,,,,,,13,,color,Yellow,,1,,Size,L,,1,,,,,,
608,variation,,"Flowy palazzo trousers - Yellow, M",1,0,visible,,,,,taxable,parent,1,,,0,0,,,,,0,,,99.99,,,,,,,id:594,,,,,,14,,color,Yellow,,1,,Size,M,,1,,,,,,
609,variation,,"Flowy palazzo trousers - Yellow, S",1,0,visible,,,,,taxable,parent,1,,,0,0,,,,,0,,,99.99,,,,,,,id:594,,,,,,15,,color,Yellow,,1,,Size,S,,1,,,,,,
595,variation,,"Flowy palazzo trousers - Blue, L",1,0,visible,,,,,taxable,parent,1,,,0,0,,,,,0,,,99.99,,,,,,,id:594,,,,,,1,,color,Blue,,1,,Size,L,,1,,,,,,
596,variation,,"Flowy palazzo trousers - Blue, M",1,0,visible,,,,,taxable,parent,1,,,0,0,,,,,0,,,99.99,,,,,,,id:594,,,,,,2,,color,Blue,,1,,Size,M,,1,,,,,,
632,variation,,"Heel leather sandals - Yellow, L",1,0,visible,,,,,taxable,parent,1,,,0,0,,,,,0,,,99.99,,,,,,,id:619,,,,,,13,,color,Yellow,,1,,Size,L,,1,,,,,,
633,variation,,"Heel leather sandals - Yellow, M",1,0,visible,,,,,taxable,parent,1,,,0,0,,,,,0,,,99.99,,,,,,,id:619,,,,,,14,,color,Yellow,,1,,Size,M,,1,,,,,,
634,variation,,"Heel leather sandals - Yellow, S",1,0,visible,,,,,taxable,parent,1,,,0,0,,,,,0,,,99.99,,,,,,,id:619,,,,,,15,,color,Yellow,,1,,Size,S,,1,,,,,,
620,variation,,"Heel leather sandals - Blue, L",1,0,visible,,,,,taxable,parent,1,,,0,0,,,,,0,,,99.99,,,,,,,id:619,,,,,,1,,color,Blue,,1,,Size,L,,1,,,,,,
621,variation,,"Heel leather sandals - Blue, M",1,0,visible,,,,,taxable,parent,1,,,0,0,,,,,0,,,99.99,,,,,,,id:619,,,,,,2,,color,Blue,,1,,Size,M,,1,,,,,,
622,variation,,"Heel leather sandals - Blue, S",1,0,visible,,,,,taxable,parent,1,,,0,0,,,,,0,,,99.99,,,,,,,id:619,,,,,,3,,color,Blue,,1,,Size,S,,1,,,,,,
623,variation,,"Heel leather sandals - Gray, L",1,0,visible,,,,,taxable,parent,1,,,0,0,,,,,0,,,99.99,,,,,,,id:619,,,,,,4,,color,Gray,,1,,Size,L,,1,,,,,,
624,variation,,"Heel leather sandals - Gray, M",1,0,visible,,,,,taxable,parent,1,,,0,0,,,,,0,,,99.99,,,,,,,id:619,,,,,,5,,color,Gray,,1,,Size,M,,1,,,,,,
625,variation,,"Heel leather sandals - Gray, S",1,0,visible,,,,,taxable,parent,1,,,0,0,,,,,0,,,99.99,,,,,,,id:619,,,,,,6,,color,Gray,,1,,Size,S,,1,,,,,,
626,variation,,"Heel leather sandals - Green, L",1,0,visible,,,,,taxable,parent,1,,,0,0,,,,,0,,,99.99,,,,,,,id:619,,,,,,7,,color,Green,,1,,Size,L,,1,,,,,,
627,variation,,"Heel leather sandals - Green, M",1,0,visible,,,,,taxable,parent,1,,,0,0,,,,,0,,,99.99,,,,,,,id:619,,,,,,8,,color,Green,,1,,Size,M,,1,,,,,,
628,variation,,"Heel leather sandals - Green, S",1,0,visible,,,,,taxable,parent,1,,,0,0,,,,,0,,,99.99,,,,,,,id:619,,,,,,9,,color,Green,,1,,Size,S,,1,,,,,,
629,variation,,"Heel leather sandals - Red, L",1,0,visible,,,,,taxable,parent,1,,,0,0,,,,,0,,,99.99,,,,,,,id:619,,,,,,10,,color,Red,,1,,Size,L,,1,,,,,,
630,variation,,"Heel leather sandals - Red, M",1,0,visible,,,,,taxable,parent,1,,,0,0,,,,,0,,,99.99,,,,,,,id:619,,,,,,11,,color,Red,,1,,Size,M,,1,,,,,,
631,variation,,"Heel leather sandals - Red, S",1,0,visible,,,,,taxable,parent,1,,,0,0,,,,,0,,,99.99,,,,,,,id:619,,,,,,12,,color,Red,,1,,Size,S,,1,,,,,,
639,variation,,"Asymmetric design top - Blue, S",1,0,visible,,,,,taxable,parent,1,,,0,0,,,,,0,,,99.99,,,,,,,id:636,,,,,,3,,color,Blue,,1,,Size,S,,1,,,,,,
640,variation,,"Asymmetric design top - Gray, L",1,0,visible,,,,,taxable,parent,1,,,0,0,,,,,0,,,99.99,,,,,,,id:636,,,,,,4,,color,Gray,,1,,Size,L,,1,,,,,,
641,variation,,"Asymmetric design top - Gray, M",1,0,visible,,,,,taxable,parent,1,,,0,0,,,,,0,,,99.99,,,,,,,id:636,,,,,,5,,color,Gray,,1,,Size,M,,1,,,,,,
642,variation,,"Asymmetric design top - Gray, S",1,0,visible,,,,,taxable,parent,1,,,0,0,,,,,0,,,99.99,,,,,,,id:636,,,,,,6,,color,Gray,,1,,Size,S,,1,,,,,,
643,variation,,"Asymmetric design top - Green, L",1,0,visible,,,,,taxable,parent,1,,,0,0,,,,,0,,,99.99,,,,,,,id:636,,,,,,7,,color,Green,,1,,Size,L,,1,,,,,,
644,variation,,"Asymmetric design top - Green, M",1,0,visible,,,,,taxable,parent,1,,,0,0,,,,,0,,,99.99,,,,,,,id:636,,,,,,8,,color,Green,,1,,Size,M,,1,,,,,,
645,variation,,"Asymmetric design top - Green, S",1,0,visible,,,,,taxable,parent,1,,,0,0,,,,,0,,,99.99,,,,,,,id:636,,,,,,9,,color,Green,,1,,Size,S,,1,,,,,,
646,variation,,"Asymmetric design top - Red, L",1,0,visible,,,,,taxable,parent,1,,,0,0,,,,,0,,,99.99,,,,,,,id:636,,,,,,10,,color,Red,,1,,Size,L,,1,,,,,,
647,variation,,"Asymmetric design top - Red, M",1,0,visible,,,,,taxable,parent,1,,,0,0,,,,,0,,,99.99,,,,,,,id:636,,,,,,11,,color,Red,,1,,Size,M,,1,,,,,,
648,variation,,"Asymmetric design top - Red, S",1,0,visible,,,,,taxable,parent,1,,,0,0,,,,,0,,,99.99,,,,,,,id:636,,,,,,12,,color,Red,,1,,Size,S,,1,,,,,,
649,variation,,"Asymmetric design top - Yellow, L",1,0,visible,,,,,taxable,parent,1,,,0,0,,,,,0,,,99.99,,,,,,,id:636,,,,,,13,,color,Yellow,,1,,Size,L,,1,,,,,,
650,variation,,"Asymmetric design top - Yellow, M",1,0,visible,,,,,taxable,parent,1,,,0,0,,,,,0,,,99.99,,,,,,,id:636,,,,,,14,,color,Yellow,,1,,Size,M,,1,,,,,,
651,variation,,"Asymmetric design top - Yellow, S",1,0,visible,,,,,taxable,parent,1,,,0,0,,,,,0,,,99.99,,,,,,,id:636,,,,,,15,,color,Yellow,,1,,Size,S,,1,,,,,,
637,variation,,"Asymmetric design top - Blue, L",1,0,visible,,,,,taxable,parent,1,,,0,0,,,,,0,,,99.99,,,,,,,id:636,,,,,,1,,color,Blue,,1,,Size,L,,1,,,,,,
638,variation,,"Asymmetric design top - Blue, M",1,0,visible,,,,,taxable,parent,1,,,0,0,,,,,0,,,99.99,,,,,,,id:636,,,,,,2,,color,Blue,,1,,Size,M,,1,,,,,,
657,variation,,"Modal-blend suit blazer - Blue, S",1,0,visible,,,,,taxable,parent,1,,,0,0,,,,,0,,,99.99,,,,,,,id:654,,,,,,3,,color,Blue,,1,,Size,S,,1,,,,,,
658,variation,,"Modal-blend suit blazer - Gray, L",1,0,visible,,,,,taxable,parent,1,,,0,0,,,,,0,,,99.99,,,,,,,id:654,,,,,,4,,color,Gray,,1,,Size,L,,1,,,,,,
659,variation,,"Modal-blend suit blazer - Gray, M",1,0,visible,,,,,taxable,parent,1,,,0,0,,,,,0,,,99.99,,,,,,,id:654,,,,,,5,,color,Gray,,1,,Size,M,,1,,,,,,
660,variation,,"Modal-blend suit blazer - Gray, S",1,0,visible,,,,,taxable,parent,1,,,0,0,,,,,0,,,99.99,,,,,,,id:654,,,,,,6,,color,Gray,,1,,Size,S,,1,,,,,,
661,variation,,"Modal-blend suit blazer - Green, L",1,0,visible,,,,,taxable,parent,1,,,0,0,,,,,0,,,99.99,,,,,,,id:654,,,,,,7,,color,Green,,1,,Size,L,,1,,,,,,
662,variation,,"Modal-blend suit blazer - Green, M",1,0,visible,,,,,taxable,parent,1,,,0,0,,,,,0,,,99.99,,,,,,,id:654,,,,,,8,,color,Green,,1,,Size,M,,1,,,,,,
663,variation,,"Modal-blend suit blazer - Green, S",1,0,visible,,,,,taxable,parent,1,,,0,0,,,,,0,,,99.99,,,,,,,id:654,,,,,,9,,color,Green,,1,,Size,S,,1,,,,,,
664,variation,,"Modal-blend suit blazer - Red, L",1,0,visible,,,,,taxable,parent,1,,,0,0,,,,,0,,,99.99,,,,,,,id:654,,,,,,10,,color,Red,,1,,Size,L,,1,,,,,,
665,variation,,"Modal-blend suit blazer - Red, M",1,0,visible,,,,,taxable,parent,1,,,0,0,,,,,0,,,99.99,,,,,,,id:654,,,,,,11,,color,Red,,1,,Size,M,,1,,,,,,
666,variation,,"Modal-blend suit blazer - Red, S",1,0,visible,,,,,taxable,parent,1,,,0,0,,,,,0,,,99.99,,,,,,,id:654,,,,,,12,,color,Red,,1,,Size,S,,1,,,,,,
667,variation,,"Modal-blend suit blazer - Yellow, L",1,0,visible,,,,,taxable,parent,1,,,0,0,,,,,0,,,99.99,,,,,,,id:654,,,,,,13,,color,Yellow,,1,,Size,L,,1,,,,,,
668,variation,,"Modal-blend suit blazer - Yellow, M",1,0,visible,,,,,taxable,parent,1,,,0,0,,,,,0,,,99.99,,,,,,,id:654,,,,,,14,,color,Yellow,,1,,Size,M,,1,,,,,,
669,variation,,"Modal-blend suit blazer - Yellow, S",1,0,visible,,,,,taxable,parent,1,,,0,0,,,,,0,,,99.99,,,,,,,id:654,,,,,,15,,color,Yellow,,1,,Size,S,,1,,,,,,
655,variation,,"Modal-blend suit blazer - Blue, L",1,0,visible,,,,,taxable,parent,1,,,0,0,,,,,0,,,99.99,,,,,,,id:654,,,,,,1,,color,Blue,,1,,Size,L,,1,,,,,,
656,variation,,"Modal-blend suit blazer - Blue, M",1,0,visible,,,,,taxable,parent,1,,,0,0,,,,,0,,,99.99,,,,,,,id:654,,,,,,2,,color,Blue,,1,,Size,M,,1,,,,,,
678,variation,,"Puff sleeves blouse - Green, M",1,0,visible,,,,,taxable,parent,1,,,0,0,,,,,0,,,99.99,,,,,,,id:670,,,,,,8,,color,Green,,1,,Size,M,,1,,,,,,
679,variation,,"Puff sleeves blouse - Green, S",1,0,visible,,,,,taxable,parent,1,,,0,0,,,,,0,,,99.99,,,,,,,id:670,,,,,,9,,color,Green,,1,,Size,S,,1,,,,,,
680,variation,,"Puff sleeves blouse - Red, L",1,0,visible,,,,,taxable,parent,1,,,0,0,,,,,0,,,99.99,,,,,,,id:670,,,,,,10,,color,Red,,1,,Size,L,,1,,,,,,
681,variation,,"Puff sleeves blouse - Red, M",1,0,visible,,,,,taxable,parent,1,,,0,0,,,,,0,,,99.99,,,,,,,id:670,,,,,,11,,color,Red,,1,,Size,M,,1,,,,,,
682,variation,,"Puff sleeves blouse - Red, S",1,0,visible,,,,,taxable,parent,1,,,0,0,,,,,0,,,99.99,,,,,,,id:670,,,,,,12,,color,Red,,1,,Size,S,,1,,,,,,
683,variation,,"Puff sleeves blouse - Yellow, L",1,0,visible,,,,,taxable,parent,1,,,0,0,,,,,0,,,99.99,,,,,,,id:670,,,,,,13,,color,Yellow,,1,,Size,L,,1,,,,,,
684,variation,,"Puff sleeves blouse - Yellow, M",1,0,visible,,,,,taxable,parent,1,,,0,0,,,,,0,,,99.99,,,,,,,id:670,,,,,,14,,color,Yellow,,1,,Size,M,,1,,,,,,
685,variation,,"Puff sleeves blouse - Yellow, S",1,0,visible,,,,,taxable,parent,1,,,0,0,,,,,0,,,99.99,,,,,,,id:670,,,,,,15,,color,Yellow,,1,,Size,S,,1,,,,,,
671,variation,,"Puff sleeves blouse - Blue, L",1,0,visible,,,,,taxable,parent,1,,,0,0,,,,,0,,,99.99,,,,,,,id:670,,,,,,1,,color,Blue,,1,,Size,L,,1,,,,,,
672,variation,,"Puff sleeves blouse - Blue, M",1,0,visible,,,,,taxable,parent,1,,,0,0,,,,,0,,,99.99,,,,,,,id:670,,,,,,2,,color,Blue,,1,,Size,M,,1,,,,,,
673,variation,,"Puff sleeves blouse - Blue, S",1,0,visible,,,,,taxable,parent,1,,,0,0,,,,,0,,,99.99,,,,,,,id:670,,,,,,3,,color,Blue,,1,,Size,S,,1,,,,,,
674,variation,,"Puff sleeves blouse - Gray, L",1,0,visible,,,,,taxable,parent,1,,,0,0,,,,,0,,,99.99,,,,,,,id:670,,,,,,4,,color,Gray,,1,,Size,L,,1,,,,,,
675,variation,,"Puff sleeves blouse - Gray, M",1,0,visible,,,,,taxable,parent,1,,,0,0,,,,,0,,,99.99,,,,,,,id:670,,,,,,5,,color,Gray,,1,,Size,M,,1,,,,,,
676,variation,,"Puff sleeves blouse - Gray, S",1,0,visible,,,,,taxable,parent,1,,,0,0,,,,,0,,,99.99,,,,,,,id:670,,,,,,6,,color,Gray,,1,,Size,S,,1,,,,,,
677,variation,,"Puff sleeves blouse - Green, L",1,0,visible,,,,,taxable,parent,1,,,0,0,,,,,0,,,99.99,,,,,,,id:670,,,,,,7,,color,Green,,1,,Size,L,,1,,,,,,
740,variation,,"Cotton linen embroidered blouse - Green, L",1,0,visible,,,,,taxable,parent,1,,,0,0,,,,,0,,,99.99,,,,,,,id:733,,,,,,7,,color,Green,,1,,Size,L,,1,,,,,,
741,variation,,"Cotton linen embroidered blouse - Green, M",1,0,visible,,,,,taxable,parent,1,,,0,0,,,,,0,,,99.99,,,,,,,id:733,,,,,,8,,color,Green,,1,,Size,M,,1,,,,,,
742,variation,,"Cotton linen embroidered blouse - Green, S",1,0,visible,,,,,taxable,parent,1,,,0,0,,,,,0,,,99.99,,,,,,,id:733,,,,,,9,,color,Green,,1,,Size,S,,1,,,,,,
743,variation,,"Cotton linen embroidered blouse - Red, L",1,0,visible,,,,,taxable,parent,1,,,0,0,,,,,0,,,99.99,,,,,,,id:733,,,,,,10,,color,Red,,1,,Size,L,,1,,,,,,
744,variation,,"Cotton linen embroidered blouse - Red, M",1,0,visible,,,,,taxable,parent,1,,,0,0,,,,,0,,,99.99,,,,,,,id:733,,,,,,11,,color,Red,,1,,Size,M,,1,,,,,,
745,variation,,"Cotton linen embroidered blouse - Red, S",1,0,visible,,,,,taxable,parent,1,,,0,0,,,,,0,,,99.99,,,,,,,id:733,,,,,,12,,color,Red,,1,,Size,S,,1,,,,,,
746,variation,,"Cotton linen embroidered blouse - Yellow, L",1,0,visible,,,,,taxable,parent,1,,,0,0,,,,,0,,,99.99,,,,,,,id:733,,,,,,13,,color,Yellow,,1,,Size,L,,1,,,,,,
747,variation,,"Cotton linen embroidered blouse - Yellow, M",1,0,visible,,,,,taxable,parent,1,,,0,0,,,,,0,,,99.99,,,,,,,id:733,,,,,,14,,color,Yellow,,1,,Size,M,,1,,,,,,
748,variation,,"Cotton linen embroidered blouse - Yellow, S",1,0,visible,,,,,taxable,parent,1,,,0,0,,,,,0,,,99.99,,,,,,,id:733,,,,,,15,,color,Yellow,,1,,Size,S,,1,,,,,,
734,variation,,"Cotton linen embroidered blouse - Blue, L",1,0,visible,,,,,taxable,parent,1,,,0,0,,,,,0,,,99.99,,,,,,,id:733,,,,,,1,,color,Blue,,1,,Size,L,,1,,,,,,
735,variation,,"Cotton linen embroidered blouse - Blue, M",1,0,visible,,,,,taxable,parent,1,,,0,0,,,,,0,,,99.99,,,,,,,id:733,,,,,,2,,color,Blue,,1,,Size,M,,1,,,,,,
736,variation,,"Cotton linen embroidered blouse - Blue, S",1,0,visible,,,,,taxable,parent,1,,,0,0,,,,,0,,,99.99,,,,,,,id:733,,,,,,3,,color,Blue,,1,,Size,S,,1,,,,,,
737,variation,,"Cotton linen embroidered blouse - Gray, L",1,0,visible,,,,,taxable,parent,1,,,0,0,,,,,0,,,99.99,,,,,,,id:733,,,,,,4,,color,Gray,,1,,Size,L,,1,,,,,,
738,variation,,"Cotton linen embroidered blouse - Gray, M",1,0,visible,,,,,taxable,parent,1,,,0,0,,,,,0,,,99.99,,,,,,,id:733,,,,,,5,,color,Gray,,1,,Size,M,,1,,,,,,
739,variation,,"Cotton linen embroidered blouse - Gray, S",1,0,visible,,,,,taxable,parent,1,,,0,0,,,,,0,,,99.99,,,,,,,id:733,,,,,,6,,color,Gray,,1,,Size,S,,1,,,,,,
1003,variation,,"Wedge leather sandals - Red, L",1,0,visible,,,,,taxable,parent,1,,,0,0,,,,,0,,,99.99,,,,,,,id:993,,,,,,10,,color,Red,,1,,Size,L,,1,,,,,,
1004,variation,,"Wedge leather sandals - Red, M",1,0,visible,,,,,taxable,parent,1,,,0,0,,,,,0,,,99.99,,,,,,,id:993,,,,,,11,,color,Red,,1,,Size,M,,1,,,,,,
1005,variation,,"Wedge leather sandals - Red, S",1,0,visible,,,,,taxable,parent,1,,,0,0,,,,,0,,,99.99,,,,,,,id:993,,,,,,12,,color,Red,,1,,Size,S,,1,,,,,,
1006,variation,,"Wedge leather sandals - Yellow, L",1,0,visible,,,,,taxable,parent,1,,,0,0,,,,,0,,,99.99,,,,,,,id:993,,,,,,13,,color,Yellow,,1,,Size,L,,1,,,,,,
1007,variation,,"Wedge leather sandals - Yellow, M",1,0,visible,,,,,taxable,parent,1,,,0,0,,,,,0,,,99.99,,,,,,,id:993,,,,,,14,,color,Yellow,,1,,Size,M,,1,,,,,,
1008,variation,,"Wedge leather sandals - Yellow, S",1,0,visible,,,,,taxable,parent,1,,,0,0,,,,,0,,,99.99,,,,,,,id:993,,,,,,15,,color,Yellow,,1,,Size,S,,1,,,,,,
994,variation,,"Wedge leather sandals - Blue, L",1,0,visible,,,,,taxable,parent,1,,,0,0,,,,,0,,,99.99,,,,,,,id:993,,,,,,1,,color,Blue,,1,,Size,L,,1,,,,,,
995,variation,,"Wedge leather sandals - Blue, M",1,0,visible,,,,,taxable,parent,1,,,0,0,,,,,0,,,99.99,,,,,,,id:993,,,,,,2,,color,Blue,,1,,Size,M,,1,,,,,,
996,variation,,"Wedge leather sandals - Blue, S",1,0,visible,,,,,taxable,parent,1,,,0,0,,,,,0,,,99.99,,,,,,,id:993,,,,,,3,,color,Blue,,1,,Size,S,,1,,,,,,
997,variation,,"Wedge leather sandals - Gray, L",1,0,visible,,,,,taxable,parent,1,,,0,0,,,,,0,,,99.99,,,,,,,id:993,,,,,,4,,color,Gray,,1,,Size,L,,1,,,,,,
998,variation,,"Wedge leather sandals - Gray, M",1,0,visible,,,,,taxable,parent,1,,,0,0,,,,,0,,,99.99,,,,,,,id:993,,,,,,5,,color,Gray,,1,,Size,M,,1,,,,,,
999,variation,,"Wedge leather sandals - Gray, S",1,0,visible,,,,,taxable,parent,1,,,0,0,,,,,0,,,99.99,,,,,,,id:993,,,,,,6,,color,Gray,,1,,Size,S,,1,,,,,,
1000,variation,,"Wedge leather sandals - Green, L",1,0,visible,,,,,taxable,parent,1,,,0,0,,,,,0,,,99.99,,,,,,,id:993,,,,,,7,,color,Green,,1,,Size,L,,1,,,,,,
1001,variation,,"Wedge leather sandals - Green, M",1,0,visible,,,,,taxable,parent,1,,,0,0,,,,,0,,,99.99,,,,,,,id:993,,,,,,8,,color,Green,,1,,Size,M,,1,,,,,,
1002,variation,,"Wedge leather sandals - Green, S",1,0,visible,,,,,taxable,parent,1,,,0,0,,,,,0,,,99.99,,,,,,,id:993,,,,,,9,,color,Green,,1,,Size,S,,1,,,,,,
1024,variation,,"Jute cross-body bag - Yellow, S",1,0,visible,,,,,taxable,parent,1,,,0,0,,,,,0,,,99.99,,,,,,,id:1009,,,,,,15,,color,Yellow,,1,,Size,S,,1,,,,,,
1020,variation,,"Jute cross-body bag - Red, M",1,0,visible,,,,,taxable,parent,1,,,0,0,,,,,0,,,99.99,,,,,,,id:1009,,,,,,11,,color,Red,,1,,Size,M,,1,,,,,,
1021,variation,,"Jute cross-body bag - Red, S",1,0,visible,,,,,taxable,parent,1,,,0,0,,,,,0,,,99.99,,,,,,,id:1009,,,,,,12,,color,Red,,1,,Size,S,,1,,,,,,
1022,variation,,"Jute cross-body bag - Yellow, L",1,0,visible,,,,,taxable,parent,1,,,0,0,,,,,0,,,99.99,,,,,,,id:1009,,,,,,13,,color,Yellow,,1,,Size,L,,1,,,,,,
1023,variation,,"Jute cross-body bag - Yellow, M",1,0,visible,,,,,taxable,parent,1,,,0,0,,,,,0,,,99.99,,,,,,,id:1009,,,,,,14,,color,Yellow,,1,,Size,M,,1,,,,,,
1010,variation,,"Jute cross-body bag - Blue, L",1,0,visible,,,,,taxable,parent,1,,,0,0,,,,,0,,,99.99,,,,,,,id:1009,,,,,,1,,color,Blue,,1,,Size,L,,1,,,,,,
1011,variation,,"Jute cross-body bag - Blue, M",1,0,visible,,,,,taxable,parent,1,,,0,0,,,,,0,,,99.99,,,,,,,id:1009,,,,,,2,,color,Blue,,1,,Size,M,,1,,,,,,
1012,variation,,"Jute cross-body bag - Blue, S",1,0,visible,,,,,taxable,parent,1,,,0,0,,,,,0,,,99.99,,,,,,,id:1009,,,,,,3,,color,Blue,,1,,Size,S,,1,,,,,,
1013,variation,,"Jute cross-body bag - Gray, L",1,0,visible,,,,,taxable,parent,1,,,0,0,,,,,0,,,99.99,,,,,,,id:1009,,,,,,4,,color,Gray,,1,,Size,L,,1,,,,,,
1014,variation,,"Jute cross-body bag - Gray, M",1,0,visible,,,,,taxable,parent,1,,,0,0,,,,,0,,,99.99,,,,,,,id:1009,,,,,,5,,color,Gray,,1,,Size,M,,1,,,,,,
1015,variation,,"Jute cross-body bag - Gray, S",1,0,visible,,,,,taxable,parent,1,,,0,0,,,,,0,,,99.99,,,,,,,id:1009,,,,,,6,,color,Gray,,1,,Size,S,,1,,,,,,
1016,variation,,"Jute cross-body bag - Green, L",1,0,visible,,,,,taxable,parent,1,,,0,0,,,,,0,,,99.99,,,,,,,id:1009,,,,,,7,,color,Green,,1,,Size,L,,1,,,,,,
1017,variation,,"Jute cross-body bag - Green, M",1,0,visible,,,,,taxable,parent,1,,,0,0,,,,,0,,,99.99,,,,,,,id:1009,,,,,,8,,color,Green,,1,,Size,M,,1,,,,,,
1018,variation,,"Jute cross-body bag - Green, S",1,0,visible,,,,,taxable,parent,1,,,0,0,,,,,0,,,99.99,,,,,,,id:1009,,,,,,9,,color,Green,,1,,Size,S,,1,,,,,,
1019,variation,,"Jute cross-body bag - Red, L",1,0,visible,,,,,taxable,parent,1,,,0,0,,,,,0,,,99.99,,,,,,,id:1009,,,,,,10,,color,Red,,1,,Size,L,,1,,,,,,
